,item
0,1
1,2
2,3
3,4
4,5
5,6
6,7
7,8
8,9
9,10
10,11
11,12
12,13
13,14
14,15
15,16
16,17
17,18
18,19
19,20
20,21
21,22
22,23
23,24
24,25
25,26
26,27
27,28
28,29
29,30
30,31
31,32
32,34
33,36
34,38
35,39
36,40
37,41
38,42
39,43
40,44
41,45
42,46
43,47
44,48
45,49
46,50
47,52
48,53
49,54
50,55
51,57
52,58
53,60
54,61
55,62
56,63
57,64
58,65
59,66
60,68
61,69
62,70
63,71
64,72
65,73
66,74
67,75
68,76
69,77
70,78
71,79
72,80
73,81
74,82
75,83
76,85
77,86
78,87
79,88
80,89
81,92
82,93
83,94
84,95
85,96
86,97
87,99
88,100
89,101
90,102
91,103
92,104
93,105
94,106
95,107
96,108
97,110
98,111
99,112
100,113
101,116
102,117
103,118
104,119
105,121
106,122
107,123
108,125
109,126
110,128
111,129
112,132
113,135
114,137
115,140
116,141
117,144
118,145
119,146
120,147
121,148
122,149
123,150
124,151
125,152
126,153
127,154
128,155
129,156
130,157
131,158
132,159
133,160
134,161
135,162
136,163
137,164
138,165
139,166
140,168
141,169
142,170
143,171
144,172
145,173
146,174
147,175
148,176
149,177
150,178
151,179
152,180
153,181
154,183
155,184
156,185
157,186
158,187
159,188
160,189
161,190
162,191
163,193
164,194
165,195
166,196
167,198
168,199
169,202
170,203
171,204
172,205
173,206
174,207
175,208
176,209
177,210
178,211
179,212
180,213
181,214
182,215
183,216
184,217
185,218
186,219
187,220
188,222
189,223
190,224
191,225
192,227
193,228
194,229
195,230
196,231
197,232
198,233
199,234
200,235
201,236
202,237
203,238
204,239
205,240
206,241
207,242
208,243
209,246
210,247
211,248
212,249
213,250
214,251
215,252
216,253
217,254
218,255
219,256
220,257
221,258
222,259
223,260
224,261
225,262
226,263
227,265
228,266
229,267
230,269
231,270
232,271
233,272
234,273
235,274
236,275
237,276
238,277
239,278
240,279
241,280
242,281
243,282
244,283
245,284
246,285
247,287
248,288
249,289
250,290
251,291
252,292
253,293
254,294
255,295
256,296
257,298
258,299
259,300
260,301
261,302
262,303
263,304
264,305
265,306
266,307
267,308
268,310
269,311
270,312
271,313
272,314
273,315
274,316
275,317
276,318
277,319
278,320
279,321
280,322
281,324
282,325
283,326
284,327
285,328
286,329
287,330
288,331
289,332
290,333
291,334
292,335
293,336
294,337
295,338
296,339
297,340
298,341
299,342
300,343
301,344
302,345
303,346
304,347
305,348
306,349
307,350
308,351
309,352
310,353
311,354
312,355
313,356
314,357
315,358
316,359
317,360
318,361
319,362
320,363
321,364
322,365
323,366
324,367
325,368
326,369
327,370
328,371
329,372
330,373
331,374
332,376
333,377
334,378
335,379
336,380
337,381
338,382
339,383
340,384
341,385
342,386
343,387
344,388
345,389
346,390
347,391
348,393
349,405
350,406
351,407
352,408
353,409
354,410
355,412
356,413
357,414
358,415
359,416
360,417
361,418
362,419
363,420
364,421
365,422
366,423
367,424
368,425
369,426
370,427
371,428
372,429
373,430
374,431
375,432
376,433
377,434
378,435
379,436
380,437
381,438
382,440
383,441
384,442
385,444
386,445
387,446
388,448
389,450
390,451
391,452
392,453
393,454
394,455
395,456
396,457
397,458
398,459
399,460
400,461
401,464
402,466
403,468
404,469
405,470
406,471
407,472
408,473
409,474
410,475
411,476
412,477
413,478
414,479
415,480
416,481
417,482
418,484
419,485
420,486
421,487
422,488
423,489
424,490
425,491
426,492
427,493
428,494
429,495
430,496
431,497
432,499
433,500
434,501
435,502
436,504
437,505
438,506
439,507
440,508
441,509
442,510
443,511
444,512
445,513
446,514
447,515
448,516
449,517
450,518
451,519
452,520
453,521
454,522
455,523
456,524
457,526
458,527
459,528
460,529
461,531
462,532
463,533
464,534
465,535
466,536
467,537
468,538
469,539
470,540
471,541
472,542
473,543
474,544
475,546
476,547
477,548
478,549
479,550
480,551
481,552
482,553
483,555
484,556
485,558
486,562
487,563
488,564
489,567
490,568
491,569
492,573
493,574
494,575
495,577
496,579
497,580
498,581
499,583
500,585
501,586
502,587
503,588
504,589
505,590
506,592
507,593
508,594
509,595
510,596
511,597
512,599
513,600
514,602
515,605
516,606
517,608
518,609
519,610
520,611
521,612
522,613
523,615
524,616
525,617
526,618
527,619
528,627
529,628
530,631
531,632
532,633
533,634
534,635
535,636
536,637
537,638
538,639
539,640
540,645
541,647
542,648
543,649
544,650
545,653
546,656
547,661
548,662
549,663
550,665
551,667
552,668
553,670
554,671
555,673
556,674
557,678
558,679
559,680
560,685
561,688
562,691
563,692
564,694
565,695
566,697
567,698
568,700
569,703
570,704
571,706
572,707
573,708
574,709
575,710
576,711
577,714
578,715
579,718
580,719
581,720
582,722
583,724
584,725
585,726
586,728
587,731
588,733
589,735
590,736
591,737
592,741
593,742
594,743
595,745
596,747
597,748
598,750
599,757
600,759
601,760
602,761
603,762
604,764
605,765
606,766
607,773
608,775
609,778
610,779
611,780
612,781
613,782
614,783
615,784
616,785
617,786
618,788
619,790
620,791
621,795
622,798
623,799
624,800
625,801
626,802
627,803
628,804
629,805
630,806
631,808
632,809
633,810
634,813
635,818
636,823
637,824
638,828
639,829
640,830
641,832
642,833
643,835
644,836
645,837
646,838
647,839
648,840
649,841
650,842
651,848
652,849
653,851
654,852
655,858
656,861
657,866
658,867
659,869
660,870
661,875
662,876
663,879
664,880
665,881
666,882
667,885
668,886
669,888
670,889
671,891
672,892
673,893
674,896
675,897
676,898
677,899
678,900
679,901
680,902
681,903
682,904
683,905
684,906
685,907
686,908
687,909
688,910
689,911
690,912
691,913
692,914
693,915
694,916
695,917
696,918
697,919
698,920
699,921
700,922
701,923
702,924
703,926
704,927
705,928
706,929
707,930
708,931
709,932
710,933
711,934
712,935
713,936
714,937
715,938
716,940
717,941
718,942
719,943
720,944
721,945
722,946
723,947
724,948
725,949
726,950
727,951
728,952
729,953
730,954
731,955
732,956
733,959
734,961
735,963
736,965
737,968
738,969
739,970
740,971
741,973
742,976
743,979
744,981
745,982
746,984
747,986
748,987
749,988
750,990
751,991
752,993
753,994
754,996
755,998
756,999
757,1003
758,1004
759,1005
760,1006
761,1007
762,1008
763,1009
764,1010
765,1011
766,1012
767,1013
768,1014
769,1015
770,1016
771,1017
772,1018
773,1019
774,1020
775,1021
776,1022
777,1023
778,1024
779,1025
780,1027
781,1028
782,1029
783,1030
784,1031
785,1032
786,1033
787,1034
788,1035
789,1036
790,1037
791,1040
792,1041
793,1042
794,1043
795,1046
796,1047
797,1049
798,1050
799,1051
800,1053
801,1054
802,1055
803,1056
804,1057
805,1059
806,1060
807,1061
808,1064
809,1066
810,1068
811,1073
812,1077
813,1078
814,1079
815,1080
816,1081
817,1082
818,1083
819,1084
820,1085
821,1086
822,1088
823,1089
824,1090
825,1091
826,1092
827,1093
828,1094
829,1095
830,1096
831,1097
832,1099
833,1100
834,1101
835,1103
836,1104
837,1105
838,1107
839,1111
840,1112
841,1114
842,1116
843,1117
844,1119
845,1120
846,1121
847,1123
848,1124
849,1125
850,1126
851,1127
852,1128
853,1129
854,1130
855,1131
856,1132
857,1135
858,1136
859,1137
860,1140
861,1144
862,1147
863,1148
864,1150
865,1151
866,1156
867,1161
868,1162
869,1163
870,1167
871,1170
872,1171
873,1172
874,1173
875,1175
876,1176
877,1177
878,1178
879,1179
880,1183
881,1184
882,1185
883,1186
884,1187
885,1188
886,1189
887,1190
888,1191
889,1192
890,1193
891,1194
892,1196
893,1197
894,1198
895,1199
896,1200
897,1201
898,1202
899,1203
900,1204
901,1206
902,1207
903,1208
904,1209
905,1210
906,1211
907,1212
908,1213
909,1214
910,1215
911,1216
912,1217
913,1218
914,1219
915,1220
916,1221
917,1222
918,1223
919,1224
920,1225
921,1226
922,1227
923,1228
924,1230
925,1231
926,1232
927,1233
928,1234
929,1235
930,1236
931,1237
932,1238
933,1240
934,1241
935,1242
936,1243
937,1244
938,1245
939,1246
940,1247
941,1248
942,1249
943,1250
944,1251
945,1252
946,1253
947,1254
948,1255
949,1256
950,1257
951,1258
952,1259
953,1260
954,1261
955,1262
956,1263
957,1264
958,1265
959,1266
960,1267
961,1268
962,1269
963,1270
964,1271
965,1272
966,1273
967,1274
968,1275
969,1276
970,1277
971,1278
972,1279
973,1280
974,1281
975,1282
976,1283
977,1284
978,1285
979,1286
980,1287
981,1288
982,1289
983,1290
984,1291
985,1292
986,1293
987,1295
988,1296
989,1297
990,1298
991,1299
992,1300
993,1301
994,1302
995,1303
996,1304
997,1305
998,1306
999,1307
1000,1310
1001,1312
1002,1318
1003,1320
1004,1321
1005,1322
1006,1323
1007,1324
1008,1325
1009,1326
1010,1327
1011,1328
1012,1329
1013,1330
1014,1331
1015,1332
1016,1333
1017,1334
1018,1335
1019,1336
1020,1337
1021,1339
1022,1340
1023,1341
1024,1342
1025,1343
1026,1344
1027,1345
1028,1346
1029,1347
1030,1348
1031,1349
1032,1350
1033,1351
1034,1352
1035,1353
1036,1354
1037,1355
1038,1356
1039,1357
1040,1358
1041,1359
1042,1361
1043,1363
1044,1365
1045,1366
1046,1367
1047,1370
1048,1371
1049,1372
1050,1373
1051,1374
1052,1375
1053,1376
1054,1377
1055,1378
1056,1379
1057,1380
1058,1381
1059,1382
1060,1385
1061,1387
1062,1388
1063,1389
1064,1390
1065,1391
1066,1392
1067,1393
1068,1394
1069,1395
1070,1396
1071,1397
1072,1398
1073,1399
1074,1401
1075,1405
1076,1406
1077,1407
1078,1408
1079,1409
1080,1411
1081,1412
1082,1413
1083,1414
1084,1415
1085,1416
1086,1417
1087,1419
1088,1422
1089,1423
1090,1425
1091,1426
1092,1427
1093,1428
1094,1429
1095,1430
1096,1431
1097,1432
1098,1437
1099,1438
1100,1439
1101,1440
1102,1441
1103,1442
1104,1445
1105,1446
1106,1447
1107,1449
1108,1453
1109,1454
1110,1456
1111,1457
1112,1458
1113,1459
1114,1460
1115,1461
1116,1464
1117,1465
1118,1466
1119,1468
1120,1473
1121,1474
1122,1475
1123,1476
1124,1479
1125,1480
1126,1483
1127,1484
1128,1485
1129,1487
1130,1488
1131,1489
1132,1490
1133,1493
1134,1495
1135,1496
1136,1497
1137,1498
1138,1499
1139,1500
1140,1502
1141,1503
1142,1507
1143,1513
1144,1514
1145,1515
1146,1517
1147,1518
1148,1519
1149,1526
1150,1527
1151,1529
1152,1533
1153,1537
1154,1541
1155,1542
1156,1544
1157,1545
1158,1546
1159,1547
1160,1549
1161,1550
1162,1551
1163,1552
1164,1554
1165,1556
1166,1562
1167,1564
1168,1565
1169,1566
1170,1569
1171,1571
1172,1572
1173,1573
1174,1574
1175,1580
1176,1581
1177,1582
1178,1583
1179,1584
1180,1585
1181,1586
1182,1587
1183,1588
1184,1589
1185,1590
1186,1591
1187,1592
1188,1593
1189,1594
1190,1596
1191,1597
1192,1598
1193,1599
1194,1600
1195,1601
1196,1602
1197,1603
1198,1604
1199,1605
1200,1606
1201,1608
1202,1609
1203,1610
1204,1611
1205,1612
1206,1613
1207,1614
1208,1615
1209,1616
1210,1617
1211,1619
1212,1620
1213,1621
1214,1623
1215,1624
1216,1625
1217,1626
1218,1627
1219,1629
1220,1631
1221,1633
1222,1635
1223,1639
1224,1641
1225,1642
1226,1643
1227,1644
1228,1645
1229,1646
1230,1647
1231,1648
1232,1649
1233,1650
1234,1652
1235,1653
1236,1654
1237,1655
1238,1656
1239,1658
1240,1659
1241,1660
1242,1661
1243,1663
1244,1665
1245,1667
1246,1670
1247,1671
1248,1672
1249,1673
1250,1674
1251,1675
1252,1676
1253,1677
1254,1678
1255,1680
1256,1681
1257,1682
1258,1683
1259,1684
1260,1685
1261,1686
1262,1687
1263,1688
1264,1689
1265,1690
1266,1693
1267,1694
1268,1695
1269,1696
1270,1699
1271,1701
1272,1702
1273,1703
1274,1704
1275,1707
1276,1711
1277,1713
1278,1717
1279,1718
1280,1719
1281,1721
1282,1722
1283,1726
1284,1727
1285,1729
1286,1730
1287,1731
1288,1732
1289,1733
1290,1734
1291,1735
1292,1739
1293,1746
1294,1747
1295,1748
1296,1752
1297,1753
1298,1754
1299,1755
1300,1757
1301,1759
1302,1760
1303,1762
1304,1767
1305,1769
1306,1770
1307,1771
1308,1772
1309,1777
1310,1779
1311,1783
1312,1784
1313,1785
1314,1791
1315,1792
1316,1793
1317,1794
1318,1797
1319,1798
1320,1799
1321,1801
1322,1804
1323,1805
1324,1806
1325,1807
1326,1809
1327,1810
1328,1812
1329,1816
1330,1821
1331,1824
1332,1825
1333,1826
1334,1827
1335,1829
1336,1831
1337,1833
1338,1834
1339,1835
1340,1836
1341,1837
1342,1839
1343,1840
1344,1841
1345,1844
1346,1845
1347,1848
1348,1855
1349,1856
1350,1857
1351,1858
1352,1859
1353,1860
1354,1862
1355,1863
1356,1866
1357,1867
1358,1870
1359,1873
1360,1875
1361,1876
1362,1881
1363,1882
1364,1883
1365,1884
1366,1885
1367,1887
1368,1888
1369,1889
1370,1891
1371,1892
1372,1893
1373,1894
1374,1895
1375,1897
1376,1900
1377,1902
1378,1904
1379,1906
1380,1907
1381,1909
1382,1910
1383,1911
1384,1912
1385,1913
1386,1914
1387,1916
1388,1917
1389,1918
1390,1919
1391,1920
1392,1921
1393,1922
1394,1923
1395,1924
1396,1926
1397,1927
1398,1928
1399,1929
1400,1931
1401,1932
1402,1933
1403,1934
1404,1936
1405,1937
1406,1938
1407,1939
1408,1940
1409,1941
1410,1942
1411,1944
1412,1945
1413,1946
1414,1947
1415,1948
1416,1949
1417,1950
1418,1951
1419,1952
1420,1953
1421,1954
1422,1955
1423,1956
1424,1957
1425,1958
1426,1959
1427,1960
1428,1961
1429,1962
1430,1963
1431,1964
1432,1965
1433,1966
1434,1967
1435,1968
1436,1969
1437,1970
1438,1971
1439,1972
1440,1973
1441,1974
1442,1975
1443,1976
1444,1977
1445,1978
1446,1979
1447,1980
1448,1981
1449,1982
1450,1983
1451,1984
1452,1985
1453,1986
1454,1987
1455,1991
1456,1992
1457,1993
1458,1994
1459,1995
1460,1996
1461,1997
1462,1998
1463,1999
1464,2000
1465,2001
1466,2002
1467,2003
1468,2004
1469,2005
1470,2006
1471,2007
1472,2008
1473,2009
1474,2010
1475,2011
1476,2012
1477,2013
1478,2014
1479,2015
1480,2016
1481,2017
1482,2018
1483,2019
1484,2020
1485,2021
1486,2022
1487,2023
1488,2024
1489,2025
1490,2026
1491,2027
1492,2028
1493,2032
1494,2033
1495,2034
1496,2035
1497,2036
1498,2037
1499,2038
1500,2040
1501,2041
1502,2042
1503,2043
1504,2044
1505,2046
1506,2048
1507,2050
1508,2051
1509,2052
1510,2053
1511,2054
1512,2055
1513,2056
1514,2057
1515,2058
1516,2059
1517,2060
1518,2064
1519,2065
1520,2066
1521,2067
1522,2068
1523,2069
1524,2070
1525,2071
1526,2072
1527,2073
1528,2074
1529,2075
1530,2076
1531,2077
1532,2078
1533,2080
1534,2081
1535,2082
1536,2083
1537,2084
1538,2085
1539,2087
1540,2088
1541,2089
1542,2090
1543,2091
1544,2092
1545,2093
1546,2094
1547,2095
1548,2096
1549,2097
1550,2098
1551,2099
1552,2100
1553,2102
1554,2103
1555,2104
1556,2105
1557,2106
1558,2107
1559,2108
1560,2109
1561,2110
1562,2111
1563,2112
1564,2114
1565,2115
1566,2116
1567,2117
1568,2118
1569,2119
1570,2120
1571,2121
1572,2122
1573,2123
1574,2124
1575,2125
1576,2126
1577,2130
1578,2131
1579,2132
1580,2133
1581,2134
1582,2135
1583,2136
1584,2137
1585,2138
1586,2139
1587,2140
1588,2141
1589,2142
1590,2143
1591,2144
1592,2145
1593,2146
1594,2147
1595,2148
1596,2149
1597,2150
1598,2151
1599,2152
1600,2153
1601,2154
1602,2155
1603,2156
1604,2159
1605,2160
1606,2161
1607,2162
1608,2163
1609,2164
1610,2165
1611,2166
1612,2167
1613,2169
1614,2170
1615,2171
1616,2172
1617,2174
1618,2175
1619,2176
1620,2177
1621,2178
1622,2179
1623,2180
1624,2181
1625,2182
1626,2183
1627,2184
1628,2185
1629,2186
1630,2187
1631,2188
1632,2190
1633,2193
1634,2194
1635,2195
1636,2196
1637,2201
1638,2202
1639,2203
1640,2204
1641,2205
1642,2206
1643,2208
1644,2210
1645,2211
1646,2212
1647,2226
1648,2227
1649,2231
1650,2232
1651,2236
1652,2239
1653,2240
1654,2241
1655,2243
1656,2244
1657,2245
1658,2247
1659,2248
1660,2249
1661,2252
1662,2253
1663,2255
1664,2256
1665,2257
1666,2259
1667,2260
1668,2261
1669,2262
1670,2263
1671,2264
1672,2265
1673,2266
1674,2267
1675,2268
1676,2269
1677,2271
1678,2272
1679,2273
1680,2275
1681,2278
1682,2279
1683,2280
1684,2281
1685,2282
1686,2283
1687,2286
1688,2287
1689,2288
1690,2289
1691,2290
1692,2291
1693,2292
1694,2294
1695,2295
1696,2296
1697,2297
1698,2298
1699,2300
1700,2301
1701,2302
1702,2303
1703,2304
1704,2306
1705,2307
1706,2310
1707,2311
1708,2312
1709,2313
1710,2314
1711,2315
1712,2316
1713,2318
1714,2320
1715,2321
1716,2322
1717,2323
1718,2324
1719,2325
1720,2327
1721,2328
1722,2329
1723,2330
1724,2331
1725,2332
1726,2333
1727,2334
1728,2335
1729,2336
1730,2337
1731,2338
1732,2339
1733,2340
1734,2342
1735,2344
1736,2346
1737,2347
1738,2348
1739,2349
1740,2350
1741,2351
1742,2352
1743,2353
1744,2354
1745,2355
1746,2356
1747,2357
1748,2358
1749,2359
1750,2360
1751,2361
1752,2362
1753,2363
1754,2364
1755,2365
1756,2366
1757,2367
1758,2368
1759,2369
1760,2370
1761,2371
1762,2372
1763,2373
1764,2374
1765,2375
1766,2376
1767,2377
1768,2378
1769,2379
1770,2380
1771,2381
1772,2382
1773,2383
1774,2384
1775,2385
1776,2387
1777,2388
1778,2389
1779,2390
1780,2391
1781,2392
1782,2393
1783,2394
1784,2395
1785,2396
1786,2398
1787,2399
1788,2400
1789,2401
1790,2402
1791,2403
1792,2404
1793,2405
1794,2406
1795,2407
1796,2408
1797,2409
1798,2410
1799,2411
1800,2412
1801,2413
1802,2414
1803,2415
1804,2416
1805,2417
1806,2418
1807,2419
1808,2420
1809,2421
1810,2422
1811,2423
1812,2424
1813,2425
1814,2427
1815,2428
1816,2429
1817,2430
1818,2431
1819,2432
1820,2433
1821,2435
1822,2436
1823,2439
1824,2442
1825,2443
1826,2445
1827,2446
1828,2447
1829,2448
1830,2450
1831,2451
1832,2453
1833,2454
1834,2455
1835,2456
1836,2457
1837,2458
1838,2459
1839,2460
1840,2462
1841,2463
1842,2465
1843,2467
1844,2468
1845,2469
1846,2470
1847,2471
1848,2472
1849,2473
1850,2474
1851,2475
1852,2476
1853,2477
1854,2478
1855,2481
1856,2483
1857,2485
1858,2488
1859,2490
1860,2491
1861,2492
1862,2493
1863,2494
1864,2495
1865,2496
1866,2497
1867,2498
1868,2500
1869,2501
1870,2502
1871,2503
1872,2504
1873,2505
1874,2506
1875,2511
1876,2512
1877,2513
1878,2514
1879,2515
1880,2516
1881,2517
1882,2518
1883,2520
1884,2521
1885,2522
1886,2523
1887,2524
1888,2525
1889,2526
1890,2527
1891,2528
1892,2529
1893,2530
1894,2531
1895,2532
1896,2533
1897,2534
1898,2535
1899,2537
1900,2539
1901,2540
1902,2541
1903,2542
1904,2544
1905,2546
1906,2548
1907,2549
1908,2550
1909,2551
1910,2552
1911,2553
1912,2554
1913,2555
1914,2557
1915,2558
1916,2559
1917,2560
1918,2561
1919,2563
1920,2565
1921,2566
1922,2567
1923,2568
1924,2570
1925,2571
1926,2572
1927,2574
1928,2575
1929,2577
1930,2579
1931,2580
1932,2581
1933,2582
1934,2583
1935,2585
1936,2586
1937,2587
1938,2589
1939,2590
1940,2593
1941,2594
1942,2596
1943,2597
1944,2598
1945,2599
1946,2600
1947,2605
1948,2606
1949,2607
1950,2609
1951,2611
1952,2612
1953,2613
1954,2614
1955,2615
1956,2616
1957,2617
1958,2618
1959,2620
1960,2622
1961,2624
1962,2628
1963,2629
1964,2630
1965,2632
1966,2633
1967,2634
1968,2639
1969,2640
1970,2641
1971,2642
1972,2643
1973,2644
1974,2648
1975,2651
1976,2652
1977,2654
1978,2655
1979,2656
1980,2657
1981,2659
1982,2660
1983,2661
1984,2662
1985,2664
1986,2665
1987,2668
1988,2669
1989,2670
1990,2671
1991,2672
1992,2674
1993,2676
1994,2677
1995,2681
1996,2682
1997,2683
1998,2686
1999,2687
2000,2688
2001,2690
2002,2691
2003,2692
2004,2693
2005,2694
2006,2695
2007,2696
2008,2697
2009,2698
2010,2699
2011,2700
2012,2701
2013,2702
2014,2706
2015,2707
2016,2708
2017,2709
2018,2710
2019,2712
2020,2713
2021,2716
2022,2717
2023,2718
2024,2719
2025,2720
2026,2722
2027,2723
2028,2724
2029,2725
2030,2726
2031,2728
2032,2729
2033,2730
2034,2731
2035,2732
2036,2733
2037,2734
2038,2735
2039,2736
2040,2737
2041,2738
2042,2739
2043,2740
2044,2741
2045,2742
2046,2743
2047,2744
2048,2745
2049,2746
2050,2747
2051,2748
2052,2749
2053,2750
2054,2751
2055,2752
2056,2754
2057,2757
2058,2759
2059,2761
2060,2762
2061,2763
2062,2764
2063,2765
2064,2766
2065,2769
2066,2770
2067,2771
2068,2772
2069,2774
2070,2775
2071,2779
2072,2782
2073,2784
2074,2786
2075,2787
2076,2788
2077,2789
2078,2790
2079,2791
2080,2792
2081,2793
2082,2794
2083,2795
2084,2796
2085,2797
2086,2798
2087,2799
2088,2800
2089,2801
2090,2802
2091,2803
2092,2804
2093,2805
2094,2806
2095,2807
2096,2808
2097,2810
2098,2812
2099,2813
2100,2815
2101,2816
2102,2817
2103,2818
2104,2819
2105,2820
2106,2822
2107,2824
2108,2826
2109,2827
2110,2828
2111,2829
2112,2835
2113,2836
2114,2837
2115,2840
2116,2841
2117,2843
2118,2844
2119,2846
2120,2847
2121,2848
2122,2851
2123,2852
2124,2856
2125,2857
2126,2858
2127,2859
2128,2860
2129,2861
2130,2862
2131,2863
2132,2865
2133,2866
2134,2867
2135,2868
2136,2870
2137,2871
2138,2872
2139,2874
2140,2875
2141,2876
2142,2877
2143,2878
2144,2879
2145,2880
2146,2881
2147,2882
2148,2883
2149,2884
2150,2885
2151,2886
2152,2887
2153,2888
2154,2889
2155,2890
2156,2891
2157,2892
2158,2893
2159,2894
2160,2896
2161,2897
2162,2898
2163,2899
2164,2900
2165,2901
2166,2902
2167,2903
2168,2905
2169,2906
2170,2907
2171,2908
2172,2912
2173,2915
2174,2916
2175,2917
2176,2918
2177,2919
2178,2921
2179,2922
2180,2924
2181,2925
2182,2926
2183,2927
2184,2928
2185,2929
2186,2930
2187,2931
2188,2932
2189,2935
2190,2936
2191,2937
2192,2940
2193,2941
2194,2942
2195,2943
2196,2944
2197,2946
2198,2947
2199,2948
2200,2949
2201,2950
2202,2951
2203,2952
2204,2953
2205,2956
2206,2959
2207,2961
2208,2962
2209,2964
2210,2965
2211,2966
2212,2967
2213,2968
2214,2969
2215,2970
2216,2971
2217,2972
2218,2973
2219,2974
2220,2975
2221,2976
2222,2977
2223,2978
2224,2979
2225,2982
2226,2983
2227,2984
2228,2985
2229,2986
2230,2987
2231,2988
2232,2989
2233,2990
2234,2991
2235,2992
2236,2993
2237,2995
2238,2996
2239,2997
2240,3000
2241,3002
2242,3003
2243,3004
2244,3005
2245,3006
2246,3007
2247,3008
2248,3010
2249,3011
2250,3013
2251,3014
2252,3015
2253,3016
2254,3017
2255,3018
2256,3019
2257,3020
2258,3021
2259,3022
2260,3024
2261,3028
2262,3029
2263,3030
2264,3031
2265,3032
2266,3033
2267,3034
2268,3035
2269,3036
2270,3037
2271,3038
2272,3039
2273,3040
2274,3041
2275,3042
2276,3043
2277,3044
2278,3045
2279,3046
2280,3048
2281,3051
2282,3052
2283,3053
2284,3054
2285,3055
2286,3056
2287,3057
2288,3060
2289,3061
2290,3062
2291,3063
2292,3064
2293,3066
2294,3067
2295,3068
2296,3070
2297,3071
2298,3072
2299,3073
2300,3074
2301,3075
2302,3076
2303,3077
2304,3078
2305,3079
2306,3081
2307,3082
2308,3083
2309,3086
2310,3087
2311,3088
2312,3089
2313,3090
2314,3091
2315,3093
2316,3094
2317,3095
2318,3096
2319,3097
2320,3098
2321,3099
2322,3100
2323,3101
2324,3102
2325,3103
2326,3104
2327,3105
2328,3107
2329,3108
2330,3109
2331,3111
2332,3112
2333,3113
2334,3114
2335,3115
2336,3117
2337,3120
2338,3125
2339,3127
2340,3129
2341,3130
2342,3132
2343,3134
2344,3135
2345,3138
2346,3141
2347,3142
2348,3143
2349,3145
2350,3146
2351,3147
2352,3148
2353,3150
2354,3152
2355,3153
2356,3155
2357,3156
2358,3157
2359,3158
2360,3159
2361,3160
2362,3161
2363,3162
2364,3163
2365,3165
2366,3167
2367,3168
2368,3169
2369,3171
2370,3173
2371,3174
2372,3175
2373,3176
2374,3177
2375,3178
2376,3179
2377,3181
2378,3182
2379,3185
2380,3186
2381,3189
2382,3190
2383,3192
2384,3194
2385,3196
2386,3197
2387,3198
2388,3200
2389,3201
2390,3203
2391,3204
2392,3206
2393,3208
2394,3210
2395,3211
2396,3213
2397,3214
2398,3217
2399,3219
2400,3221
2401,3223
2402,3224
2403,3225
2404,3230
2405,3235
2406,3238
2407,3240
2408,3241
2409,3243
2410,3244
2411,3246
2412,3247
2413,3248
2414,3249
2415,3250
2416,3251
2417,3252
2418,3253
2419,3254
2420,3255
2421,3256
2422,3257
2423,3258
2424,3259
2425,3260
2426,3261
2427,3262
2428,3263
2429,3264
2430,3265
2431,3266
2432,3267
2433,3268
2434,3269
2435,3270
2436,3271
2437,3272
2438,3273
2439,3274
2440,3275
2441,3276
2442,3280
2443,3281
2444,3283
2445,3284
2446,3285
2447,3286
2448,3287
2449,3289
2450,3294
2451,3295
2452,3296
2453,3298
2454,3299
2455,3300
2456,3301
2457,3302
2458,3303
2459,3306
2460,3307
2461,3308
2462,3310
2463,3313
2464,3315
2465,3316
2466,3317
2467,3323
2468,3324
2469,3325
2470,3326
2471,3327
2472,3328
2473,3329
2474,3330
2475,3331
2476,3334
2477,3341
2478,3342
2479,3344
2480,3345
2481,3347
2482,3350
2483,3353
2484,3354
2485,3355
2486,3357
2487,3358
2488,3359
2489,3360
2490,3361
2491,3362
2492,3363
2493,3364
2494,3365
2495,3368
2496,3370
2497,3372
2498,3374
2499,3379
2500,3384
2501,3385
2502,3386
2503,3387
2504,3388
2505,3389
2506,3390
2507,3391
2508,3392
2509,3393
2510,3394
2511,3395
2512,3396
2513,3397
2514,3398
2515,3400
2516,3401
2517,3402
2518,3403
2519,3404
2520,3405
2521,3406
2522,3408
2523,3409
2524,3410
2525,3412
2526,3414
2527,3415
2528,3417
2529,3418
2530,3420
2531,3421
2532,3422
2533,3423
2534,3424
2535,3425
2536,3426
2537,3428
2538,3429
2539,3430
2540,3431
2541,3432
2542,3433
2543,3435
2544,3436
2545,3438
2546,3439
2547,3440
2548,3441
2549,3442
2550,3444
2551,3445
2552,3446
2553,3447
2554,3448
2555,3449
2556,3450
2557,3451
2558,3452
2559,3453
2560,3454
2561,3455
2562,3459
2563,3461
2564,3462
2565,3466
2566,3467
2567,3468
2568,3469
2569,3470
2570,3471
2571,3473
2572,3474
2573,3475
2574,3476
2575,3477
2576,3478
2577,3479
2578,3480
2579,3481
2580,3483
2581,3484
2582,3489
2583,3492
2584,3494
2585,3496
2586,3497
2587,3498
2588,3499
2589,3500
2590,3501
2591,3502
2592,3503
2593,3504
2594,3505
2595,3506
2596,3507
2597,3508
2598,3510
2599,3511
2600,3512
2601,3513
2602,3514
2603,3515
2604,3516
2605,3519
2606,3521
2607,3524
2608,3525
2609,3526
2610,3527
2611,3528
2612,3529
2613,3531
2614,3534
2615,3535
2616,3536
2617,3537
2618,3538
2619,3539
2620,3543
2621,3544
2622,3545
2623,3546
2624,3548
2625,3549
2626,3550
2627,3551
2628,3552
2629,3553
2630,3554
2631,3555
2632,3556
2633,3557
2634,3559
2635,3563
2636,3564
2637,3565
2638,3566
2639,3567
2640,3568
2641,3569
2642,3571
2643,3572
2644,3573
2645,3574
2646,3576
2647,3577
2648,3578
2649,3580
2650,3581
2651,3584
2652,3586
2653,3587
2654,3590
2655,3591
2656,3592
2657,3593
2658,3594
2659,3596
2660,3597
2661,3598
2662,3599
2663,3604
2664,3606
2665,3608
2666,3609
2667,3614
2668,3615
2669,3616
2670,3617
2671,3618
2672,3619
2673,3622
2674,3623
2675,3624
2676,3625
2677,3626
2678,3627
2679,3628
2680,3629
2681,3632
2682,3633
2683,3635
2684,3638
2685,3639
2686,3640
2687,3641
2688,3643
2689,3646
2690,3648
2691,3649
2692,3652
2693,3653
2694,3654
2695,3655
2696,3658
2697,3660
2698,3661
2699,3662
2700,3663
2701,3664
2702,3667
2703,3668
2704,3669
2705,3671
2706,3672
2707,3673
2708,3674
2709,3675
2710,3676
2711,3677
2712,3678
2713,3679
2714,3680
2715,3681
2716,3682
2717,3683
2718,3684
2719,3685
2720,3686
2721,3687
2722,3688
2723,3689
2724,3690
2725,3691
2726,3692
2727,3693
2728,3694
2729,3695
2730,3696
2731,3697
2732,3698
2733,3699
2734,3700
2735,3701
2736,3702
2737,3703
2738,3704
2739,3705
2740,3706
2741,3707
2742,3708
2743,3709
2744,3710
2745,3711
2746,3712
2747,3713
2748,3714
2749,3715
2750,3716
2751,3717
2752,3719
2753,3720
2754,3723
2755,3724
2756,3725
2757,3726
2758,3727
2759,3728
2760,3729
2761,3730
2762,3731
2763,3732
2764,3733
2765,3735
2766,3736
2767,3737
2768,3738
2769,3739
2770,3740
2771,3741
2772,3742
2773,3743
2774,3744
2775,3745
2776,3746
2777,3747
2778,3751
2779,3752
2780,3753
2781,3754
2782,3755
2783,3756
2784,3758
2785,3760
2786,3761
2787,3763
2788,3764
2789,3765
2790,3766
2791,3767
2792,3768
2793,3769
2794,3770
2795,3771
2796,3773
2797,3774
2798,3783
2799,3784
2800,3785
2801,3786
2802,3787
2803,3788
2804,3789
2805,3790
2806,3791
2807,3792
2808,3793
2809,3794
2810,3795
2811,3797
2812,3798
2813,3799
2814,3801
2815,3802
2816,3806
2817,3807
2818,3808
2819,3809
2820,3810
2821,3811
2822,3812
2823,3813
2824,3814
2825,3816
2826,3819
2827,3821
2828,3822
2829,3823
2830,3824
2831,3825
2832,3826
2833,3827
2834,3830
2835,3831
2836,3832
2837,3833
2838,3834
2839,3835
2840,3836
2841,3837
2842,3838
2843,3839
2844,3840
2845,3841
2846,3843
2847,3844
2848,3845
2849,3846
2850,3847
2851,3849
2852,3851
2853,3852
2854,3855
2855,3857
2856,3858
2857,3859
2858,3861
2859,3862
2860,3863
2861,3864
2862,3865
2863,3868
2864,3869
2865,3870
2866,3871
2867,3872
2868,3873
2869,3877
2870,3879
2871,3882
2872,3884
2873,3888
2874,3889
2875,3893
2876,3894
2877,3895
2878,3896
2879,3897
2880,3898
2881,3899
2882,3900
2883,3901
2884,3906
2885,3908
2886,3909
2887,3910
2888,3911
2889,3912
2890,3914
2891,3915
2892,3916
2893,3917
2894,3918
2895,3919
2896,3920
2897,3922
2898,3925
2899,3926
2900,3927
2901,3928
2902,3929
2903,3930
2904,3932
2905,3933
2906,3937
2907,3938
2908,3943
2909,3945
2910,3946
2911,3947
2912,3948
2913,3949
2914,3950
2915,3951
2916,3952
2917,3953
2918,3955
2919,3957
2920,3959
2921,3962
2922,3963
2923,3964
2924,3965
2925,3966
2926,3967
2927,3968
2928,3969
2929,3971
2930,3972
2931,3973
2932,3974
2933,3977
2934,3978
2935,3979
2936,3980
2937,3981
2938,3983
2939,3984
2940,3985
2941,3986
2942,3987
2943,3988
2944,3989
2945,3990
2946,3991
2947,3992
2948,3993
2949,3994
2950,3996
2951,3997
2952,3998
2953,3999
2954,4000
2955,4002
2956,4003
2957,4005
2958,4006
2959,4007
2960,4008
2961,4009
2962,4010
2963,4011
2964,4012
2965,4014
2966,4015
2967,4016
2968,4017
2969,4018
2970,4019
2971,4020
2972,4021
2973,4022
2974,4023
2975,4024
2976,4025
2977,4027
2978,4029
2979,4030
2980,4031
2981,4032
2982,4033
2983,4034
2984,4035
2985,4036
2986,4037
2987,4039
2988,4040
2989,4041
2990,4042
2991,4043
2992,4046
2993,4047
2994,4051
2995,4052
2996,4053
2997,4054
2998,4055
2999,4056
3000,4061
3001,4062
3002,4063
3003,4064
3004,4065
3005,4066
3006,4067
3007,4068
3008,4069
3009,4074
3010,4077
3011,4078
3012,4079
3013,4080
3014,4081
3015,4082
3016,4083
3017,4084
3018,4085
3019,4086
3020,4089
3021,4090
3022,4091
3023,4092
3024,4093
3025,4102
3026,4103
3027,4104
3028,4105
3029,4109
3030,4110
3031,4111
3032,4113
3033,4115
3034,4116
3035,4117
3036,4121
3037,4123
3038,4124
3039,4125
3040,4126
3041,4127
3042,4128
3043,4129
3044,4130
3045,4131
3046,4132
3047,4133
3048,4135
3049,4138
3050,4139
3051,4141
3052,4142
3053,4143
3054,4144
3055,4146
3056,4147
3057,4148
3058,4149
3059,4152
3060,4153
3061,4154
3062,4155
3063,4156
3064,4157
3065,4158
3066,4159
3067,4160
3068,4161
3069,4164
3070,4166
3071,4167
3072,4168
3073,4171
3074,4174
3075,4175
3076,4178
3077,4180
3078,4181
3079,4184
3080,4187
3081,4189
3082,4190
3083,4191
3084,4193
3085,4195
3086,4197
3087,4198
3088,4200
3089,4202
3090,4203
3091,4204
3092,4205
3093,4207
3094,4210
3095,4211
3096,4212
3097,4214
3098,4215
3099,4217
3100,4219
3101,4220
3102,4221
3103,4223
3104,4224
3105,4225
3106,4226
3107,4228
3108,4229
3109,4231
3110,4232
3111,4233
3112,4234
3113,4235
3114,4236
3115,4237
3116,4238
3117,4239
3118,4240
3119,4241
3120,4243
3121,4246
3122,4247
3123,4248
3124,4251
3125,4252
3126,4254
3127,4255
3128,4256
3129,4259
3130,4260
3131,4262
3132,4263
3133,4265
3134,4267
3135,4268
3136,4270
3137,4273
3138,4275
3139,4276
3140,4278
3141,4280
3142,4282
3143,4284
3144,4285
3145,4289
3146,4290
3147,4291
3148,4292
3149,4293
3150,4294
3151,4296
3152,4297
3153,4298
3154,4299
3155,4300
3156,4304
3157,4305
3158,4306
3159,4307
3160,4308
3161,4310
3162,4312
3163,4313
3164,4316
3165,4317
3166,4321
3167,4322
3168,4323
3169,4325
3170,4326
3171,4327
3172,4329
3173,4333
3174,4334
3175,4338
3176,4339
3177,4340
3178,4342
3179,4343
3180,4344
3181,4345
3182,4347
3183,4349
3184,4350
3185,4351
3186,4353
3187,4354
3188,4355
3189,4356
3190,4357
3191,4359
3192,4361
3193,4366
3194,4367
3195,4368
3196,4369
3197,4370
3198,4371
3199,4372
3200,4373
3201,4374
3202,4378
3203,4380
3204,4381
3205,4383
3206,4384
3207,4386
3208,4387
3209,4388
3210,4389
3211,4390
3212,4392
3213,4393
3214,4394
3215,4395
3216,4396
3217,4397
3218,4399
3219,4403
3220,4404
3221,4406
3222,4407
3223,4408
3224,4409
3225,4410
3226,4412
3227,4419
3228,4420
3229,4422
3230,4424
3231,4426
3232,4427
3233,4428
3234,4429
3235,4432
3236,4433
3237,4436
3238,4437
3239,4438
3240,4439
3241,4440
3242,4441
3243,4442
3244,4443
3245,4444
3246,4445
3247,4446
3248,4447
3249,4448
3250,4449
3251,4450
3252,4451
3253,4452
3254,4453
3255,4454
3256,4459
3257,4462
3258,4463
3259,4464
3260,4465
3261,4466
3262,4467
3263,4470
3264,4471
3265,4473
3266,4474
3267,4476
3268,4477
3269,4478
3270,4480
3271,4482
3272,4483
3273,4484
3274,4487
3275,4488
3276,4489
3277,4492
3278,4495
3279,4496
3280,4497
3281,4498
3282,4499
3283,4500
3284,4502
3285,4504
3286,4505
3287,4506
3288,4508
3289,4509
3290,4511
3291,4516
3292,4517
3293,4518
3294,4519
3295,4520
3296,4521
3297,4522
3298,4523
3299,4526
3300,4527
3301,4529
3302,4531
3303,4533
3304,4534
3305,4535
3306,4537
3307,4541
3308,4544
3309,4545
3310,4546
3311,4552
3312,4553
3313,4557
3314,4558
3315,4562
3316,4563
3317,4564
3318,4565
3319,4568
3320,4571
3321,4572
3322,4573
3323,4574
3324,4577
3325,4578
3326,4580
3327,4581
3328,4583
3329,4584
3330,4585
3331,4587
3332,4589
3333,4591
3334,4593
3335,4594
3336,4597
3337,4599
3338,4600
3339,4602
3340,4603
3341,4605
3342,4608
3343,4610
3344,4611
3345,4612
3346,4613
3347,4614
3348,4615
3349,4616
3350,4617
3351,4619
3352,4621
3353,4622
3354,4623
3355,4624
3356,4625
3357,4626
3358,4628
3359,4629
3360,4630
3361,4632
3362,4634
3363,4635
3364,4636
3365,4638
3366,4639
3367,4640
3368,4641
3369,4642
3370,4643
3371,4644
3372,4645
3373,4646
3374,4649
3375,4653
3376,4654
3377,4658
3378,4660
3379,4661
3380,4662
3381,4663
3382,4666
3383,4670
3384,4671
3385,4672
3386,4673
3387,4675
3388,4676
3389,4677
3390,4678
3391,4679
3392,4681
3393,4683
3394,4686
3395,4687
3396,4688
3397,4689
3398,4690
3399,4695
3400,4697
3401,4699
3402,4700
3403,4701
3404,4703
3405,4704
3406,4705
3407,4708
3408,4709
3409,4710
3410,4711
3411,4713
3412,4714
3413,4715
3414,4717
3415,4718
3416,4719
3417,4720
3418,4721
3419,4722
3420,4723
3421,4725
3422,4727
3423,4728
3424,4732
3425,4733
3426,4734
3427,4735
3428,4736
3429,4738
3430,4740
3431,4741
3432,4743
3433,4744
3434,4745
3435,4748
3436,4749
3437,4750
3438,4754
3439,4756
3440,4757
3441,4759
3442,4765
3443,4766
3444,4769
3445,4770
3446,4771
3447,4772
3448,4773
3449,4774
3450,4775
3451,4776
3452,4780
3453,4782
3454,4783
3455,4784
3456,4785
3457,4786
3458,4787
3459,4788
3460,4789
3461,4792
3462,4794
3463,4795
3464,4796
3465,4798
3466,4799
3467,4800
3468,4801
3469,4802
3470,4803
3471,4804
3472,4808
3473,4809
3474,4810
3475,4811
3476,4812
3477,4813
3478,4814
3479,4815
3480,4816
3481,4818
3482,4821
3483,4822
3484,4823
3485,4825
3486,4826
3487,4827
3488,4828
3489,4830
3490,4831
3491,4833
3492,4835
3493,4836
3494,4840
3495,4844
3496,4845
3497,4846
3498,4847
3499,4848
3500,4849
3501,4850
3502,4852
3503,4855
3504,4857
3505,4860
3506,4862
3507,4863
3508,4864
3509,4865
3510,4866
3511,4867
3512,4871
3513,4873
3514,4874
3515,4876
3516,4877
3517,4878
3518,4879
3519,4880
3520,4881
3521,4883
3522,4885
3523,4886
3524,4887
3525,4888
3526,4889
3527,4890
3528,4893
3529,4896
3530,4898
3531,4899
3532,4900
3533,4901
3534,4902
3535,4903
3536,4909
3537,4911
3538,4912
3539,4914
3540,4915
3541,4916
3542,4919
3543,4920
3544,4921
3545,4925
3546,4926
3547,4927
3548,4928
3549,4929
3550,4932
3551,4936
3552,4939
3553,4941
3554,4942
3555,4947
3556,4951
3557,4952
3558,4953
3559,4954
3560,4956
3561,4957
3562,4958
3563,4959
3564,4961
3565,4962
3566,4963
3567,4964
3568,4965
3569,4967
3570,4969
3571,4970
3572,4971
3573,4973
3574,4974
3575,4975
3576,4976
3577,4977
3578,4978
3579,4979
3580,4980
3581,4981
3582,4985
3583,4987
3584,4988
3585,4989
3586,4990
3587,4991
3588,4992
3589,4993
3590,4994
3591,4995
3592,4998
3593,5004
3594,5007
3595,5008
3596,5009
3597,5010
3598,5011
3599,5012
3600,5013
3601,5014
3602,5015
3603,5016
3604,5021
3605,5023
3606,5025
3607,5026
3608,5027
3609,5028
3610,5033
3611,5034
3612,5039
3613,5040
3614,5041
3615,5046
3616,5047
3617,5048
3618,5049
3619,5051
3620,5053
3621,5054
3622,5055
3623,5059
3624,5060
3625,5062
3626,5063
3627,5064
3628,5065
3629,5066
3630,5068
3631,5069
3632,5071
3633,5072
3634,5073
3635,5074
3636,5075
3637,5076
3638,5077
3639,5080
3640,5081
3641,5083
3642,5088
3643,5092
3644,5093
3645,5094
3646,5095
3647,5096
3648,5099
3649,5102
3650,5103
3651,5105
3652,5106
3653,5107
3654,5108
3655,5110
3656,5111
3657,5112
3658,5113
3659,5114
3660,5116
3661,5120
3662,5121
3663,5127
3664,5128
3665,5131
3666,5134
3667,5135
3668,5136
3669,5137
3670,5139
3671,5146
3672,5147
3673,5151
3674,5152
3675,5155
3676,5156
3677,5159
3678,5165
3679,5168
3680,5170
3681,5171
3682,5177
3683,5178
3684,5181
3685,5187
3686,5189
3687,5197
3688,5198
3689,5202
3690,5205
3691,5209
3692,5212
3693,5213
3694,5214
3695,5218
3696,5219
3697,5220
3698,5221
3699,5222
3700,5224
3701,5225
3702,5226
3703,5231
3704,5237
3705,5238
3706,5239
3707,5240
3708,5241
3709,5246
3710,5247
3711,5248
3712,5250
3713,5254
3714,5255
3715,5256
3716,5258
3717,5264
3718,5265
3719,5266
3720,5267
3721,5268
3722,5269
3723,5272
3724,5275
3725,5278
3726,5279
3727,5282
3728,5283
3729,5285
3730,5288
3731,5291
3732,5292
3733,5293
3734,5294
3735,5296
3736,5297
3737,5298
3738,5299
3739,5300
3740,5303
3741,5304
3742,5307
3743,5308
3744,5309
3745,5311
3746,5312
3747,5313
3748,5316
3749,5319
3750,5321
3751,5322
3752,5323
3753,5324
3754,5325
3755,5328
3756,5329
3757,5333
3758,5334
3759,5337
3760,5339
3761,5341
3762,5345
3763,5346
3764,5347
3765,5348
3766,5349
3767,5353
3768,5356
3769,5357
3770,5358
3771,5361
3772,5363
3773,5364
3774,5365
3775,5372
3776,5373
3777,5375
3778,5377
3779,5378
3780,5379
3781,5380
3782,5382
3783,5384
3784,5385
3785,5387
3786,5388
3787,5389
3788,5390
3789,5391
3790,5397
3791,5398
3792,5400
3793,5401
3794,5404
3795,5409
3796,5410
3797,5414
3798,5415
3799,5416
3800,5417
3801,5418
3802,5419
3803,5420
3804,5421
3805,5422
3806,5423
3807,5424
3808,5425
3809,5427
3810,5428
3811,5433
3812,5434
3813,5435
3814,5437
3815,5438
3816,5440
3817,5442
3818,5444
3819,5445
3820,5446
3821,5447
3822,5448
3823,5449
3824,5450
3825,5451
3826,5452
3827,5454
3828,5455
3829,5456
3830,5458
3831,5459
3832,5460
3833,5461
3834,5462
3835,5463
3836,5464
3837,5465
3838,5466
3839,5468
3840,5470
3841,5471
3842,5472
3843,5475
3844,5476
3845,5477
3846,5478
3847,5479
3848,5480
3849,5481
3850,5483
3851,5485
3852,5486
3853,5489
3854,5493
3855,5497
3856,5498
3857,5499
3858,5500
3859,5501
3860,5502
3861,5503
3862,5504
3863,5505
3864,5506
3865,5507
3866,5508
3867,5512
3868,5513
3869,5515
3870,5521
3871,5522
3872,5523
3873,5524
3874,5525
3875,5527
3876,5528
3877,5529
3878,5530
3879,5531
3880,5537
3881,5538
3882,5539
3883,5540
3884,5541
3885,5543
3886,5544
3887,5548
3888,5550
3889,5553
3890,5556
3891,5560
3892,5562
3893,5563
3894,5564
3895,5568
3896,5569
3897,5570
3898,5572
3899,5573
3900,5574
3901,5575
3902,5577
3903,5580
3904,5581
3905,5582
3906,5584
3907,5585
3908,5588
3909,5589
3910,5590
3911,5591
3912,5596
3913,5597
3914,5601
3915,5602
3916,5603
3917,5604
3918,5607
3919,5608
3920,5609
3921,5610
3922,5611
3923,5612
3924,5613
3925,5614
3926,5615
3927,5617
3928,5618
3929,5619
3930,5620
3931,5621
3932,5625
3933,5628
3934,5629
3935,5630
3936,5632
3937,5633
3938,5635
3939,5636
3940,5637
3941,5638
3942,5640
3943,5643
3944,5644
3945,5646
3946,5649
3947,5650
3948,5657
3949,5664
3950,5665
3951,5666
3952,5667
3953,5668
3954,5669
3955,5670
3956,5672
3957,5673
3958,5675
3959,5678
3960,5679
3961,5680
3962,5682
3963,5685
3964,5688
3965,5689
3966,5690
3967,5693
3968,5694
3969,5696
3970,5699
3971,5700
3972,5704
3973,5706
3974,5707
3975,5710
3976,5712
3977,5720
3978,5723
3979,5733
3980,5735
3981,5736
3982,5741
3983,5742
3984,5745
3985,5747
3986,5749
3987,5752
3988,5755
3989,5764
3990,5767
3991,5768
3992,5771
3993,5772
3994,5773
3995,5779
3996,5780
3997,5782
3998,5784
3999,5785
4000,5786
4001,5788
4002,5791
4003,5792
4004,5796
4005,5797
4006,5799
4007,5801
4008,5802
4009,5803
4010,5804
4011,5809
4012,5810
4013,5812
4014,5816
4015,5817
4016,5818
4017,5820
4018,5826
4019,5828
4020,5829
4021,5833
4022,5836
4023,5838
4024,5839
4025,5840
4026,5841
4027,5843
4028,5847
4029,5849
4030,5853
4031,5856
4032,5863
4033,5867
4034,5872
4035,5873
4036,5874
4037,5875
4038,5876
4039,5878
4040,5879
4041,5880
4042,5881
4043,5882
4044,5883
4045,5884
4046,5888
4047,5889
4048,5890
4049,5891
4050,5893
4051,5896
4052,5899
4053,5900
4054,5901
4055,5902
4056,5903
4057,5909
4058,5912
4059,5915
4060,5919
4061,5922
4062,5925
4063,5927
4064,5929
4065,5932
4066,5938
4067,5941
4068,5942
4069,5943
4070,5944
4071,5945
4072,5949
4073,5951
4074,5952
4075,5953
4076,5954
4077,5955
4078,5956
4079,5957
4080,5959
4081,5961
4082,5962
4083,5963
4084,5965
4085,5968
4086,5969
4087,5970
4088,5971
4089,5974
4090,5975
4091,5979
4092,5980
4093,5984
4094,5986
4095,5988
4096,5989
4097,5990
4098,5991
4099,5992
4100,5993
4101,5994
4102,5995
4103,5999
4104,6001
4105,6002
4106,6003
4107,6005
4108,6006
4109,6012
4110,6013
4111,6014
4112,6016
4113,6020
4114,6021
4115,6022
4116,6023
4117,6025
4118,6027
4119,6030
4120,6031
4121,6033
4122,6035
4123,6036
4124,6039
4125,6040
4126,6041
4127,6042
4128,6049
4129,6051
4130,6055
4131,6057
4132,6058
4133,6059
4134,6062
4135,6063
4136,6064
4137,6067
4138,6070
4139,6078
4140,6086
4141,6090
4142,6093
4143,6095
4144,6100
4145,6101
4146,6104
4147,6107
4148,6111
4149,6116
4150,6119
4151,6122
4152,6123
4153,6124
4154,6140
4155,6141
4156,6143
4157,6145
4158,6148
4159,6153
4160,6155
4161,6156
4162,6157
4163,6158
4164,6159
4165,6162
4166,6163
4167,6166
4168,6169
4169,6170
4170,6178
4171,6181
4172,6182
4173,6183
4174,6184
4175,6185
4176,6186
4177,6187
4178,6188
4179,6192
4180,6193
4181,6195
4182,6196
4183,6197
4184,6201
4185,6202
4186,6203
4187,6204
4188,6210
4189,6212
4190,6213
4191,6214
4192,6215
4193,6216
4194,6217
4195,6218
4196,6219
4197,6220
4198,6222
4199,6223
4200,6225
4201,6228
4202,6232
4203,6234
4204,6235
4205,6237
4206,6238
4207,6239
4208,6241
4209,6242
4210,6244
4211,6245
4212,6246
4213,6249
4214,6250
4215,6251
4216,6252
4217,6254
4218,6263
4219,6264
4220,6265
4221,6266
4222,6267
4223,6268
4224,6269
4225,6270
4226,6271
4227,6273
4228,6279
4229,6280
4230,6281
4231,6283
4232,6285
4233,6286
4234,6287
4235,6288
4236,6289
4237,6290
4238,6291
4239,6294
4240,6295
4241,6296
4242,6297
4243,6298
4244,6299
4245,6300
4246,6301
4247,6302
4248,6303
4249,6305
4250,6306
4251,6308
4252,6310
4253,6313
4254,6314
4255,6315
4256,6316
4257,6319
4258,6320
4259,6322
4260,6323
4261,6324
4262,6327
4263,6329
4264,6330
4265,6331
4266,6332
4267,6333
4268,6334
4269,6335
4270,6336
4271,6337
4272,6338
4273,6339
4274,6341
4275,6342
4276,6344
4277,6345
4278,6347
4279,6348
4280,6349
4281,6350
4282,6357
4283,6358
4284,6365
4285,6367
4286,6368
4287,6370
4288,6371
4289,6373
4290,6374
4291,6375
4292,6376
4293,6377
4294,6378
4295,6379
4296,6380
4297,6383
4298,6385
4299,6386
4300,6387
4301,6390
4302,6395
4303,6400
4304,6402
4305,6405
4306,6407
4307,6408
4308,6410
4309,6412
4310,6415
4311,6417
4312,6422
4313,6424
4314,6425
4315,6427
4316,6428
4317,6429
4318,6433
4319,6434
4320,6436
4321,6440
4322,6442
4323,6448
4324,6449
4325,6452
4326,6453
4327,6454
4328,6460
4329,6461
4330,6464
4331,6465
4332,6466
4333,6476
4334,6477
4335,6482
4336,6483
4337,6484
4338,6493
4339,6502
4340,6503
4341,6506
4342,6509
4343,6510
4344,6514
4345,6515
4346,6516
4347,6517
4348,6523
4349,6527
4350,6528
4351,6530
4352,6533
4353,6534
4354,6535
4355,6536
4356,6537
4357,6538
4358,6539
4359,6541
4360,6542
4361,6545
4362,6547
4363,6548
4364,6549
4365,6550
4366,6552
4367,6553
4368,6554
4369,6557
4370,6558
4371,6559
4372,6560
4373,6561
4374,6563
4375,6564
4376,6565
4377,6566
4378,6567
4379,6568
4380,6571
4381,6572
4382,6573
4383,6574
4384,6577
4385,6578
4386,6579
4387,6581
4388,6582
4389,6583
4390,6584
4391,6586
4392,6587
4393,6588
4394,6591
4395,6592
4396,6593
4397,6595
4398,6597
4399,6598
4400,6603
4401,6604
4402,6609
4403,6611
4404,6612
4405,6614
4406,6615
4407,6616
4408,6617
4409,6618
4410,6619
4411,6620
4412,6624
4413,6625
4414,6628
4415,6629
4416,6631
4417,6636
4418,6638
4419,6639
4420,6643
4421,6644
4422,6645
4423,6650
4424,6654
4425,6656
4426,6658
4427,6659
4428,6660
4429,6662
4430,6663
4431,6664
4432,6665
4433,6666
4434,6667
4435,6669
4436,6670
4437,6671
4438,6678
4439,6679
4440,6684
4441,6686
4442,6687
4443,6688
4444,6689
4445,6691
4446,6695
4447,6696
4448,6699
4449,6702
4450,6705
4451,6707
4452,6708
4453,6709
4454,6710
4455,6711
4456,6713
4457,6715
4458,6718
4459,6720
4460,6721
4461,6722
4462,6723
4463,6724
4464,6731
4465,6732
4466,6734
4467,6744
4468,6746
4469,6748
4470,6750
4471,6751
4472,6752
4473,6753
4474,6754
4475,6755
4476,6760
4477,6763
4478,6764
4479,6765
4480,6768
4481,6769
4482,6770
4483,6772
4484,6773
4485,6774
4486,6775
4487,6776
4488,6777
4489,6780
4490,6782
4491,6783
4492,6785
4493,6786
4494,6787
4495,6788
4496,6789
4497,6790
4498,6791
4499,6793
4500,6794
4501,6796
4502,6797
4503,6798
4504,6800
4505,6803
4506,6804
4507,6807
4508,6808
4509,6809
4510,6810
4511,6811
4512,6812
4513,6814
4514,6816
4515,6817
4516,6818
4517,6820
4518,6821
4519,6827
4520,6832
4521,6835
4522,6836
4523,6837
4524,6850
4525,6851
4526,6852
4527,6853
4528,6856
4529,6857
4530,6858
4531,6862
4532,6863
4533,6867
4534,6868
4535,6869
4536,6870
4537,6872
4538,6873
4539,6874
4540,6879
4541,6880
4542,6881
4543,6882
4544,6883
4545,6884
4546,6885
4547,6886
4548,6887
4549,6888
4550,6889
4551,6890
4552,6893
4553,6898
4554,6899
4555,6902
4556,6909
4557,6911
4558,6912
4559,6918
4560,6920
4561,6927
4562,6932
4563,6934
4564,6935
4565,6936
4566,6938
4567,6939
4568,6942
4569,6944
4570,6945
4571,6946
4572,6947
4573,6948
4574,6950
4575,6951
4576,6952
4577,6953
4578,6954
4579,6957
4580,6958
4581,6959
4582,6961
4583,6962
4584,6963
4585,6965
4586,6966
4587,6967
4588,6969
4589,6970
4590,6971
4591,6973
4592,6974
4593,6975
4594,6978
4595,6979
4596,6981
4597,6982
4598,6984
4599,6985
4600,6986
4601,6987
4602,6989
4603,6990
4604,6992
4605,6993
4606,6994
4607,6996
4608,6997
4609,6998
4610,6999
4611,7000
4612,7001
4613,7004
4614,7005
4615,7007
4616,7008
4617,7009
4618,7010
4619,7012
4620,7013
4621,7015
4622,7016
4623,7017
4624,7018
4625,7019
4626,7022
4627,7023
4628,7024
4629,7025
4630,7026
4631,7027
4632,7028
4633,7030
4634,7031
4635,7032
4636,7033
4637,7034
4638,7036
4639,7037
4640,7038
4641,7040
4642,7041
4643,7044
4644,7045
4645,7046
4646,7047
4647,7048
4648,7049
4649,7050
4650,7051
4651,7052
4652,7053
4653,7054
4654,7055
4655,7056
4656,7057
4657,7058
4658,7059
4659,7060
4660,7061
4661,7062
4662,7063
4663,7064
4664,7065
4665,7067
4666,7069
4667,7070
4668,7071
4669,7072
4670,7073
4671,7074
4672,7075
4673,7076
4674,7078
4675,7079
4676,7080
4677,7082
4678,7084
4679,7085
4680,7086
4681,7087
4682,7088
4683,7089
4684,7090
4685,7091
4686,7092
4687,7093
4688,7099
4689,7101
4690,7102
4691,7103
4692,7104
4693,7107
4694,7108
4695,7109
4696,7114
4697,7115
4698,7116
4699,7117
4700,7118
4701,7121
4702,7122
4703,7123
4704,7124
4705,7125
4706,7127
4707,7131
4708,7132
4709,7134
4710,7137
4711,7139
4712,7141
4713,7142
4714,7143
4715,7147
4716,7149
4717,7150
4718,7151
4719,7153
4720,7154
4721,7155
4722,7156
4723,7158
4724,7160
4725,7161
4726,7162
4727,7163
4728,7164
4729,7165
4730,7167
4731,7169
4732,7171
4733,7173
4734,7175
4735,7176
4736,7177
4737,7178
4738,7179
4739,7181
4740,7184
4741,7190
4742,7191
4743,7192
4744,7193
4745,7205
4746,7206
4747,7208
4748,7209
4749,7211
4750,7212
4751,7215
4752,7216
4753,7218
4754,7219
4755,7222
4756,7223
4757,7225
4758,7228
4759,7234
4760,7235
4761,7236
4762,7238
4763,7243
4764,7245
4765,7247
4766,7248
4767,7251
4768,7254
4769,7255
4770,7256
4771,7257
4772,7258
4773,7259
4774,7260
4775,7261
4776,7262
4777,7263
4778,7264
4779,7265
4780,7266
4781,7282
4782,7285
4783,7292
4784,7293
4785,7294
4786,7297
4787,7299
4788,7301
4789,7302
4790,7303
4791,7304
4792,7305
4793,7306
4794,7307
4795,7308
4796,7310
4797,7311
4798,7312
4799,7315
4800,7316
4801,7317
4802,7318
4803,7319
4804,7320
4805,7321
4806,7323
4807,7324
4808,7325
4809,7326
4810,7327
4811,7328
4812,7333
4813,7335
4814,7336
4815,7340
4816,7344
4817,7345
4818,7346
4819,7347
4820,7348
4821,7349
4822,7352
4823,7354
4824,7357
4825,7360
4826,7361
4827,7362
4828,7364
4829,7366
4830,7367
4831,7368
4832,7369
4833,7371
4834,7372
4835,7373
4836,7375
4837,7376
4838,7377
4839,7379
4840,7380
4841,7381
4842,7382
4843,7386
4844,7387
4845,7390
4846,7395
4847,7396
4848,7411
4849,7414
4850,7419
4851,7438
4852,7439
4853,7440
4854,7443
4855,7444
4856,7445
4857,7448
4858,7449
4859,7450
4860,7451
4861,7454
4862,7457
4863,7458
4864,7459
4865,7460
4866,7477
4867,7479
4868,7481
4869,7482
4870,7486
4871,7487
4872,7492
4873,7493
4874,7541
4875,7560
4876,7561
4877,7562
4878,7564
4879,7566
4880,7569
4881,7570
4882,7572
4883,7573
4884,7579
4885,7581
4886,7584
4887,7587
4888,7614
4889,7615
4890,7616
4891,7618
4892,7619
4893,7620
4894,7624
4895,7646
4896,7647
4897,7649
4898,7650
4899,7657
4900,7669
4901,7698
4902,7700
4903,7701
4904,7702
4905,7704
4906,7705
4907,7706
4908,7707
4909,7708
4910,7714
4911,7716
4912,7720
4913,7727
4914,7728
4915,7730
4916,7742
4917,7743
4918,7745
4919,7748
4920,7749
4921,7753
4922,7756
4923,7757
4924,7762
4925,7766
4926,7767
4927,7773
4928,7781
4929,7782
4930,7786
4931,7789
4932,7802
4933,7810
4934,7811
4935,7812
4936,7815
4937,7820
4938,7822
4939,7826
4940,7831
4941,7832
4942,7833
4943,7834
4944,7835
4945,7839
4946,7840
4947,7841
4948,7842
4949,7843
4950,7844
4951,7845
4952,7846
4953,7879
4954,7882
4955,7883
4956,7884
4957,7888
4958,7889
4959,7891
4960,7894
4961,7895
4962,7896
4963,7899
4964,7900
4965,7916
4966,7920
4967,7924
4968,7925
4969,7926
4970,7930
4971,7932
4972,7934
4973,7936
4974,7937
4975,7939
4976,7940
4977,7943
4978,7944
4979,7976
4980,7979
4981,7980
4982,7981
4983,7982
4984,7983
4985,7984
4986,7986
4987,7987
4988,7988
4989,7991
4990,7993
4991,8008
4992,8010
4993,8011
4994,8012
4995,8014
4996,8015
4997,8016
4998,8019
4999,8024
5000,8033
5001,8035
5002,8042
5003,8043
5004,8044
5005,8045
5006,8057
5007,8092
5008,8093
5009,8094
5010,8117
5011,8118
5012,8119
5013,8121
5014,8125
5015,8126
5016,8128
5017,8131
5018,8132
5019,8136
5020,8137
5021,8138
5022,8142
5023,8143
5024,8147
5025,8153
5026,8154
5027,8157
5028,8158
5029,8167
5030,8169
5031,8183
5032,8188
5033,8189
5034,8190
5035,8191
5036,8195
5037,8196
5038,8197
5039,8199
5040,8207
5041,8225
5042,8228
5043,8232
5044,8235
5045,8238
5046,8239
5047,8241
5048,8253
5049,8254
5050,8261
5051,8264
5052,8266
5053,8268
5054,8270
5055,8275
5056,8290
5057,8293
5058,8302
5059,8327
5060,8331
5061,8335
5062,8336
5063,8337
5064,8338
5065,8340
5066,8341
5067,8360
5068,8361
5069,8362
5070,8363
5071,8364
5072,8366
5073,8368
5074,8369
5075,8370
5076,8371
5077,8372
5078,8373
5079,8375
5080,8376
5081,8378
5082,8379
5083,8380
5084,8382
5085,8383
5086,8385
5087,8387
5088,8391
5089,8402
5090,8405
5091,8410
5092,8425
5093,8426
5094,8427
5095,8446
5096,8447
5097,8450
5098,8451
5099,8454
5100,8456
5101,8458
5102,8459
5103,8461
5104,8462
5105,8463
5106,8464
5107,8465
5108,8477
5109,8481
5110,8482
5111,8484
5112,8487
5113,8491
5114,8492
5115,8493
5116,8494
5117,8495
5118,8500
5119,8501
5120,8502
5121,8506
5122,8507
5123,8511
5124,8512
5125,8518
5126,8521
5127,8526
5128,8528
5129,8529
5130,8530
5131,8531
5132,8532
5133,8533
5134,8534
5135,8535
5136,8542
5137,8571
5138,8574
5139,8575
5140,8577
5141,8578
5142,8580
5143,8581
5144,8582
5145,8587
5146,8588
5147,8593
5148,8596
5149,8600
5150,8601
5151,8604
5152,8605
5153,8607
5154,8609
5155,8610
5156,8614
5157,8617
5158,8620
5159,8622
5160,8623
5161,8626
5162,8632
5163,8633
5164,8636
5165,8638
5166,8640
5167,8641
5168,8643
5169,8644
5170,8645
5171,8656
5172,8665
5173,8666
5174,8667
5175,8670
5176,8677
5177,8684
5178,8685
5179,8695
5180,8711
5181,8712
5182,8713
5183,8714
5184,8718
5185,8720
5186,8724
5187,8727
5188,8730
5189,8738
5190,8743
5191,8748
5192,8753
5193,8754
5194,8755
5195,8771
5196,8772
5197,8773
5198,8774
5199,8778
5200,8781
5201,8782
5202,8783
5203,8784
5204,8795
5205,8796
5206,8798
5207,8799
5208,8800
5209,8804
5210,8807
5211,8808
5212,8809
5213,8810
5214,8813
5215,8814
5216,8815
5217,8827
5218,8830
5219,8831
5220,8832
5221,8833
5222,8835
5223,8836
5224,8838
5225,8840
5226,8844
5227,8848
5228,8860
5229,8861
5230,8864
5231,8865
5232,8866
5233,8869
5234,8870
5235,8873
5236,8874
5237,8875
5238,8879
5239,8880
5240,8905
5241,8906
5242,8907
5243,8908
5244,8910
5245,8912
5246,8914
5247,8915
5248,8916
5249,8917
5250,8918
5251,8919
5252,8920
5253,8921
5254,8928
5255,8933
5256,8934
5257,8937
5258,8938
5259,8939
5260,8943
5261,8946
5262,8947
5263,8948
5264,8949
5265,8950
5266,8951
5267,8952
5268,8954
5269,8955
5270,8957
5271,8958
5272,8959
5273,8961
5274,8964
5275,8965
5276,8966
5277,8967
5278,8968
5279,8969
5280,8970
5281,8972
5282,8973
5283,8974
5284,8977
5285,8978
5286,8979
5287,8981
5288,8982
5289,8983
5290,8984
5291,8985
5292,8987
5293,8989
5294,8998
5295,9004
5296,9005
5297,9008
5298,9010
5299,9018
5300,25746
5301,25750
5302,25752
5303,25753
5304,25757
5305,25769
5306,25771
5307,25773
5308,25782
5309,25788
5310,25795
5311,25797
5312,25805
5313,25825
5314,25826
5315,25827
5316,25833
5317,25834
5318,25841
5319,25850
5320,25856
5321,25865
5322,25870
5323,25886
5324,25887
5325,25898
5326,25905
5327,25906
5328,25923
5329,25927
5330,25937
5331,25940
5332,25946
5333,25947
5334,25952
5335,25959
5336,25962
5337,25963
5338,25996
5339,25999
5340,26002
5341,26003
5342,26038
5343,26048
5344,26052
5345,26059
5346,26073
5347,26078
5348,26082
5349,26084
5350,26095
5351,26116
5352,26122
5353,26124
5354,26131
5355,26133
5356,26142
5357,26147
5358,26150
5359,26151
5360,26152
5361,26158
5362,26159
5363,26169
5364,26171
5365,26172
5366,26176
5367,26183
5368,26184
5369,26195
5370,26198
5371,26225
5372,26231
5373,26236
5374,26237
5375,26242
5376,26249
5377,26258
5378,26265
5379,26283
5380,26285
5381,26303
5382,26308
5383,26313
5384,26317
5385,26322
5386,26326
5387,26340
5388,26344
5389,26347
5390,26357
5391,26359
5392,26365
5393,26366
5394,26375
5395,26386
5396,26391
5397,26394
5398,26399
5399,26401
5400,26409
5401,26413
5402,26422
5403,26429
5404,26444
5405,26453
5406,26464
5407,26467
5408,26471
5409,26472
5410,26492
5411,26498
5412,26504
5413,26510
5414,26524
5415,26527
5416,26528
5417,26539
5418,26542
5419,26547
5420,26554
5421,26562
5422,26564
5423,26567
5424,26578
5425,26585
5426,26587
5427,26590
5428,26593
5429,26599
5430,26603
5431,26606
5432,26612
5433,26614
5434,26622
5435,26629
5436,26630
5437,26631
5438,26645
5439,26649
5440,26662
5441,26676
5442,26680
5443,26681
5444,26686
5445,26693
5446,26694
5447,26695
5448,26696
5449,26700
5450,26701
5451,26704
5452,26712
5453,26713
5454,26717
5455,26726
5456,26729
5457,26732
5458,26736
5459,26741
5460,26743
5461,26745
5462,26750
5463,26761
5464,26764
5465,26765
5466,26776
5467,26777
5468,26778
5469,26782
5470,26791
5471,26792
5472,26796
5473,26797
5474,26810
5475,26812
5476,26819
5477,26828
5478,26838
5479,26840
5480,26854
5481,26861
5482,26865
5483,26870
5484,26871
5485,26875
5486,26887
5487,26900
5488,26901
5489,26903
5490,26913
5491,26928
5492,26940
5493,26947
5494,26958
5495,26965
5496,26974
5497,26985
5498,26999
5499,27002
5500,27003
5501,27006
5502,27008
5503,27020
5504,27022
5505,27032
5506,27036
5507,27074
5508,27075
5509,27105
5510,27124
5511,27134
5512,27140
5513,27155
5514,27156
5515,27176
5516,27178
5517,27186
5518,27193
5519,27251
5520,27255
5521,27266
5522,27306
5523,27311
5524,27317
5525,27320
5526,27329
5527,27368
5528,27369
5529,27370
5530,27373
5531,27397
5532,27408
5533,27416
5534,27420
5535,27426
5536,27434
5537,27441
5538,27450
5539,27473
5540,27478
5541,27480
5542,27482
5543,27491
5544,27513
5545,27523
5546,27537
5547,27539
5548,27549
5549,27555
5550,27563
5551,27584
5552,27592
5553,27595
5554,27604
5555,27611
5556,27618
5557,27619
5558,27627
5559,27644
5560,27660
5561,27664
5562,27667
5563,27674
5564,27683
5565,27685
5566,27689
5567,27692
5568,27695
5569,27704
5570,27705
5571,27706
5572,27708
5573,27716
5574,27721
5575,27722
5576,27728
5577,27731
5578,27741
5579,27744
5580,27746
5581,27751
5582,27762
5583,27768
5584,27769
5585,27772
5586,27773
5587,27778
5588,27788
5589,27790
5590,27793
5591,27801
5592,27802
5593,27803
5594,27808
5595,27815
5596,27816
5597,27820
5598,27821
5599,27822
5600,27826
5601,27829
5602,27830
5603,27831
5604,27834
5605,27837
5606,27838
5607,27839
5608,27846
5609,27850
5610,27865
5611,27869
5612,27873
5613,27878
5614,27879
5615,27882
5616,27899
5617,27904
5618,27905
5619,27912
5620,30707
5621,30745
5622,30749
5623,30793
5624,30803
5625,30810
5626,30812
5627,30816
5628,30818
5629,30820
5630,30822
5631,30825
5632,30846
5633,30848
5634,30850
5635,30883
5636,30890
5637,30894
5638,30898
5639,30994
5640,31030
5641,31038
5642,31083
5643,31086
5644,31101
5645,31114
5646,31116
5647,31123
5648,31150
5649,31162
5650,31184
5651,31193
5652,31221
5653,31223
5654,31225
5655,31260
5656,31297
5657,31309
5658,31364
5659,31367
5660,31410
5661,31420
5662,31422
5663,31424
5664,31427
5665,31431
5666,31433
5667,31435
5668,31437
5669,31445
5670,31522
5671,31545
5672,31553
5673,31610
5674,31617
5675,31658
5676,31660
5677,31664
5678,31685
5679,31692
5680,31694
5681,31696
5682,31698
5683,31700
5684,31702
5685,31737
5686,31804
5687,31851
5688,31867
5689,31878
5690,31903
5691,31909
5692,31921
5693,31923
5694,31952
5695,31973
5696,32009
5697,32011
5698,32017
5699,32019
5700,32022
5701,32029
5702,32031
5703,32058
5704,32060
5705,32116
5706,32139
5707,32179
5708,32213
5709,32234
5710,32243
5711,32289
5712,32291
5713,32294
5714,32296
5715,32298
5716,32300
5717,32302
5718,32314
5719,32387
5720,32392
5721,32440
5722,32442
5723,32456
5724,32460
5725,32469
5726,32511
5727,32515
5728,32554
5729,32582
5730,32584
5731,32587
5732,32589
5733,32596
5734,32598
5735,32620
5736,32632
5737,32649
5738,32657
5739,32659
5740,32666
5741,32728
5742,32770
5743,32799
5744,32862
5745,32875
5746,32892
5747,32898
5748,32914
5749,32917
5750,33004
5751,33085
5752,33090
5753,33124
5754,33126
5755,33132
5756,33138
5757,33145
5758,33148
5759,33154
5760,33158
5761,33162
5762,33164
5763,33166
5764,33171
5765,33188
5766,33201
5767,33237
5768,33294
5769,33310
5770,33312
5771,33421
5772,33435
5773,33437
5774,33493
5775,33495
5776,33499
5777,33558
5778,33564
5779,33615
5780,33629
5781,33639
5782,33644
5783,33646
5784,33649
5785,33660
5786,33669
5787,33672
5788,33677
5789,33679
5790,33681
5791,33683
5792,33725
5793,33779
5794,33781
5795,33794
5796,33801
5797,33815
5798,33826
5799,33830
5800,33834
5801,33836
5802,33838
5803,33880
5804,33896
5805,33903
5806,33966
5807,34018
5808,34048
5809,34072
5810,34129
5811,34143
5812,34148
5813,34150
5814,34153
5815,34162
5816,34164
5817,34271
5818,34292
5819,34312
5820,34319
5821,34321
5822,34323
5823,34326
5824,34330
5825,34332
5826,34334
5827,34336
5828,34338
5829,34359
5830,34397
5831,34405
5832,34437
5833,34450
5834,34520
5835,34523
5836,34528
5837,34530
5838,34532
5839,34534
5840,34536
5841,34540
5842,34542
5843,34800
5844,34811
5845,35015
5846,35347
5847,35807
5848,35836
5849,35957
5850,36276
5851,36289
5852,36363
5853,36397
5854,36401
5855,36477
5856,36509
5857,36517
5858,36519
5859,36525
5860,36527
5861,36529
5862,36533
5863,36535
5864,36537
5865,36708
5866,36850
5867,36931
5868,37211
5869,37240
5870,37380
5871,37382
5872,37384
5873,37386
5874,37444
5875,37475
5876,37477
5877,37495
5878,37545
5879,37720
5880,37727
5881,37729
5882,37731
5883,37733
5884,37736
5885,37739
5886,37741
5887,37830
5888,37844
5889,37853
5890,37857
5891,38038
5892,38061
5893,38095
5894,38159
5895,38164
5896,38198
5897,38304
5898,38388
5899,38798
5900,38886
5901,39183
5902,39231
5903,39234
5904,39292
5905,39307
5906,39381
5907,39400
5908,39414
5909,39427
5910,39435
5911,39444
5912,39446
5913,39449
5914,39516
5915,39715
5916,39801
5917,39869
5918,40148
5919,40278
5920,40339
5921,40412
5922,40414
5923,40478
5924,40491
5925,40578
5926,40581
5927,40583
5928,40597
5929,40614
5930,40617
5931,40629
5932,40697
5933,40723
5934,40732
5935,40815
5936,40819
5937,40826
5938,40851
5939,40870
5940,40946
5941,40955
5942,40959
5943,40962
5944,41014
5945,41285
5946,41527
5947,41566
5948,41569
5949,41571
5950,41573
5951,41617
5952,41627
5953,41712
5954,41716
5955,41724
5956,41769
5957,41828
5958,41863
5959,41997
5960,42002
5961,42004
5962,42007
5963,42009
5964,42011
5965,42013
5966,42015
5967,42018
5968,42176
5969,42191
5970,42285
5971,42418
5972,42422
5973,42556
5974,42602
5975,42632
5976,42638
5977,42718
5978,42723
5979,42725
5980,42728
5981,42730
5982,42732
5983,42734
5984,42738
5985,42740
5986,42761
5987,42943
5988,42946
5989,43289
5990,43333
5991,43376
5992,43396
5993,43460
5994,43549
5995,43556
5996,43558
5997,43560
5998,43677
5999,43679
6000,43684
6001,43708
6002,43744
6003,43836
6004,43869
6005,43871
6006,43904
6007,43908
6008,43912
6009,43914
6010,43917
6011,43919
6012,43921
6013,43928
6014,43930
6015,43932
6016,43936
6017,44004
6018,44020
6019,44022
6020,44191
6021,44193
6022,44195
6023,44197
6024,44199
6025,44204
6026,44225
6027,44238
6028,44241
6029,44243
6030,44301
6031,44397
6032,44399
6033,44511
6034,44555
6035,44597
6036,44613
6037,44633
6038,44657
6039,44665
6040,44694
6041,44709
6042,44719
6043,44731
6044,44759
6045,44761
6046,44773
6047,44777
6048,44788
6049,44828
6050,44840
6051,44849
6052,44851
6053,44864
6054,44889
6055,44929
6056,44931
6057,44937
6058,44972
6059,44974
6060,45028
6061,45062
6062,45074
6063,45081
6064,45106
6065,45175
6066,45183
6067,45186
6068,45208
6069,45210
6070,45221
6071,45361
6072,45382
6073,45431
6074,45440
6075,45442
6076,45447
6077,45499
6078,45501
6079,45503
6080,45517
6081,45635
6082,45648
6083,45658
6084,45662
6085,45666
6086,45668
6087,45672
6088,45720
6089,45722
6090,45726
6091,45728
6092,45730
6093,45732
6094,45880
6095,45928
6096,45950
6097,45969
6098,46062
6099,46105
6100,46231
6101,46322
6102,46335
6103,46337
6104,46347
6105,46367
6106,46530
6107,46559
6108,46572
6109,46574
6110,46578
6111,46723
6112,46772
6113,46850
6114,46855
6115,46862
6116,46865
6117,46948
6118,46965
6119,46967
6120,46970
6121,46972
6122,46974
6123,46976
6124,47044
6125,47099
6126,47122
6127,47124
6128,47200
6129,47202
6130,47254
6131,47261
6132,47382
6133,47384
6134,47404
6135,47423
6136,47446
6137,47465
6138,47491
6139,47516
6140,47518
6141,47538
6142,47610
6143,47629
6144,47640
6145,47644
6146,47646
6147,47721
6148,47725
6149,47736
6150,47774
6151,47810
6152,47894
6153,47937
6154,47950
6155,47970
6156,47978
6157,47997
6158,47999
6159,48001
6160,48032
6161,48043
6162,48045
6163,48082
6164,48142
6165,48150
6166,48161
6167,48214
6168,48262
6169,48304
6170,48319
6171,48322
6172,48326
6173,48342
6174,48385
6175,48394
6176,48412
6177,48414
6178,48416
6179,48516
6180,48518
6181,48520
6182,48593
6183,48596
6184,48598
6185,48638
6186,48649
6187,48678
6188,48696
6189,48698
6190,48738
6191,48741
6192,48744
6193,48774
6194,48780
6195,48783
6196,48872
6197,48877
6198,48879
6199,48883
6200,48982
6201,48997
6202,49013
6203,49110
6204,49130
6205,49132
6206,49220
6207,49263
6208,49265
6209,49272
6210,49274
6211,49276
6212,49278
6213,49280
6214,49284
6215,49286
6216,49314
6217,49347
6218,49389
6219,49396
6220,49524
6221,49530
6222,49647
6223,49649
6224,49651
6225,49666
6226,49688
6227,49735
6228,49772
6229,49793
6230,49822
6231,49824
6232,49910
6233,49917
6234,49932
6235,49957
6236,49961
6237,50003
6238,50005
6239,50068
6240,50147
6241,50158
6242,50160
6243,50189
6244,50274
6245,50354
6246,50356
6247,50440
6248,50442
6249,50445
6250,50601
6251,50610
6252,50613
6253,50658
6254,50685
6255,50740
6256,50792
6257,50794
6258,50796
6259,50798
6260,50800
6261,50802
6262,50804
6263,50806
6264,50842
6265,50851
6266,50872
6267,50912
6268,50923
6269,50942
6270,50954
6271,50999
6272,51024
6273,51037
6274,51077
6275,51080
6276,51082
6277,51084
6278,51086
6279,51088
6280,51091
6281,51167
6282,51174
6283,51255
6284,51314
6285,51357
6286,51412
6287,51471
6288,51498
6289,51540
6290,51545
6291,51562
6292,51573
6293,51575
6294,51662
6295,51666
6296,51694
6297,51698
6298,51705
6299,51709
6300,51834
6301,51884
6302,51903
6303,51925
6304,51927
6305,51931
6306,51933
6307,51935
6308,51937
6309,51939
6310,52042
6311,52241
6312,52245
6313,52279
6314,52281
6315,52283
6316,52287
6317,52299
6318,52319
6319,52328
6320,52375
6321,52435
6322,52458
6323,52462
6324,52579
6325,52604
6326,52644
6327,52668
6328,52694
6329,52712
6330,52715
6331,52722
6332,52724
6333,52730
6334,52767
6335,52784
6336,52831
6337,52867
6338,52885
6339,52950
6340,52952
6341,52967
6342,52973
6343,52975
6344,53000
6345,53022
6346,53024
6347,53121
6348,53123
6349,53125
6350,53127
6351,53129
6352,53138
6353,53140
6354,53143
6355,53161
6356,53280
6357,53318
6358,53322
6359,53326
6360,53355
6361,53435
6362,53447
6363,53450
6364,53453
6365,53460
6366,53464
6367,53466
6368,53468
6369,53519
6370,53550
6371,53574
6372,53578
6373,53808
6374,53883
6375,53894
6376,53921
6377,53953
6378,53956
6379,53972
6380,53974
6381,53993
6382,53996
6383,54001
6384,54004
6385,54116
6386,54121
6387,54185
6388,54190
6389,54256
6390,54259
6391,54272
6392,54274
6393,54276
6394,54281
6395,54286
6396,54354
6397,54372
6398,54503
6399,54617
6400,54648
6401,54686
6402,54732
6403,54734
6404,54736
6405,54745
6406,54768
6407,54771
6408,54780
6409,54785
6410,54787
6411,54796
6412,54881
6413,54908
6414,54910
6415,54934
6416,54962
6417,54995
6418,54997
6419,54999
6420,55020
6421,55036
6422,55052
6423,55061
6424,55067
6425,55069
6426,55071
6427,55080
6428,55094
6429,55110
6430,55112
6431,55116
6432,55118
6433,55156
6434,55167
6435,55190
6436,55205
6437,55207
6438,55232
6439,55241
6440,55245
6441,55247
6442,55250
6443,55253
6444,55259
6445,55261
6446,55267
6447,55269
6448,55272
6449,55274
6450,55276
6451,55278
6452,55280
6453,55282
6454,55290
6455,55292
6456,55294
6457,55363
6458,55442
6459,55444
6460,55451
6461,55492
6462,55553
6463,55555
6464,55577
6465,55620
6466,55687
6467,55721
6468,55729
6469,55765
6470,55768
6471,55805
6472,55814
6473,55820
6474,55830
6475,55844
6476,55854
6477,55872
6478,55908
6479,55946
6480,55995
6481,56003
6482,56012
6483,56022
6484,56060
6485,56145
6486,56152
6487,56156
6488,56169
6489,56171
6490,56174
6491,56176
6492,56251
6493,56274
6494,56286
6495,56336
6496,56339
6497,56367
6498,56379
6499,56389
6500,56563
6501,56587
6502,56607
6503,56620
6504,56715
6505,56757
6506,56775
6507,56782
6508,56788
6509,56801
6510,56805
6511,56837
6512,56869
6513,56908
6514,56915
6515,56921
6516,56941
6517,56949
6518,57147
6519,57183
6520,57243
6521,57274
6522,57368
6523,57421
6524,57499
6525,57502
6526,57504
6527,57522
6528,57526
6529,57528
6530,57532
6531,57536
6532,57637
6533,57640
6534,57669
6535,57772
6536,57843
6537,57910
6538,57951
6539,58025
6540,58047
6541,58078
6542,58103
6543,58105
6544,58154
6545,58156
6546,58162
6547,58191
6548,58287
6549,58291
6550,58293
6551,58295
6552,58297
6553,58299
6554,58301
6555,58303
6556,58306
6557,58309
6558,58315
6559,58332
6560,58347
6561,58351
6562,58376
6563,58404
6564,58425
6565,58492
6566,58554
6567,58559
6568,58627
6569,58655
6570,58783
6571,58803
6572,58806
6573,58826
6574,58839
6575,58842
6576,58870
6577,58876
6578,58879
6579,58964
6580,58972
6581,58975
6582,58998
6583,59014
6584,59016
6585,59018
6586,59022
6587,59026
6588,59037
6589,59103
6590,59118
6591,59126
6592,59129
6593,59131
6594,59141
6595,59143
6596,59220
6597,59258
6598,59295
6599,59306
6600,59315
6601,59333
6602,59336
6603,59369
6604,59387
6605,59421
6606,59429
6607,59440
6608,59501
6609,59549
6610,59604
6611,59615
6612,59667
6613,59725
6614,59727
6615,59731
6616,59738
6617,59784
6618,59810
6619,59814
6620,59900
6621,59947
6622,59985
6623,59995
6624,60030
6625,60037
6626,60040
6627,60046
6628,60069
6629,60072
6630,60074
6631,60126
6632,60128
6633,60141
6634,60161
6635,60289
6636,60291
6637,60293
6638,60333
6639,60363
6640,60365
6641,60389
6642,60397
6643,60408
6644,60471
6645,60487
6646,60514
6647,60516
6648,60522
6649,60538
6650,60647
6651,60674
6652,60684
6653,60735
6654,60753
6655,60756
6656,60760
6657,60766
6658,60803
6659,60832
6660,60857
6661,60885
6662,60894
6663,60904
6664,60937
6665,60941
6666,60943
6667,60950
6668,60979
6669,61011
6670,61024
6671,61026
6672,61071
6673,61073
6674,61123
6675,61132
6676,61160
6677,61167
6678,61210
6679,61236
6680,61240
6681,61248
6682,61250
6683,61255
6684,61257
6685,61262
6686,61289
6687,61319
6688,61323
6689,61348
6690,61350
6691,61352
6692,61394
6693,61401
6694,61406
6695,61465
6696,61628
6697,61697
6698,61705
6699,61729
6700,61818
6701,61986
6702,62008
6703,62081
6704,62113
6705,62155
6706,62208
6707,62250
6708,62293
6709,62299
6710,62336
6711,62344
6712,62374
6713,62376
6714,62383
6715,62394
6716,62434
6717,62437
6718,62439
6719,62511
6720,62553
6721,62586
6722,62644
6723,62662
6724,62718
6725,62792
6726,62799
6727,62834
6728,62836
6729,62849
6730,62956
6731,62970
6732,62999
6733,63033
6734,63062
6735,63072
6736,63082
6737,63113
6738,63131
6739,63179
6740,63222
6741,63239
6742,63276
6743,63393
6744,63433
6745,63436
6746,63479
6747,63515
6748,63540
6749,63768
6750,63808
6751,63853
6752,63859
6753,63876
6754,63992
6755,64010
6756,64030
6757,64032
6758,64034
6759,64114
6760,64116
6761,64167
6762,64197
6763,64231
6764,64249
6765,64278
6766,64285
6767,64497
6768,64499
6769,64501
6770,64575
6771,64614
6772,64620
6773,64622
6774,64695
6775,64716
6776,64839
6777,64957
6778,64969
6779,64983
6780,64993
6781,64997
6782,65037
6783,65088
6784,65126
6785,65130
6786,65133
6787,65135
6788,65188
6789,65193
6790,65216
6791,65225
6792,65230
6793,65261
6794,65350
6795,65359
6796,65514
6797,65577
6798,65585
6799,65588
6800,65596
6801,65601
6802,65631
6803,65642
6804,65651
6805,65682
6806,65685
6807,65738
6808,65740
6809,65802
6810,65810
6811,65882
6812,65982
6813,66090
6814,66097
6815,66171
6816,66198
6817,66203
6818,66240
6819,66297
6820,66310
6821,66335
6822,66371
6823,66427
6824,66509
6825,66511
6826,66544
6827,66665
6828,66744
6829,66783
6830,66785
6831,66798
6832,66915
6833,66934
6834,66943
6835,67087
6836,67168
6837,67186
6838,67193
6839,67197
6840,67255
6841,67267
6842,67295
6843,67361
6844,67408
6845,67508
6846,67534
6847,67618
6848,67665
6849,67695
6850,67734
6851,67788
6852,67799
6853,67888
6854,67923
6855,67997
6856,68073
6857,68135
6858,68157
6859,68159
6860,68194
6861,68205
6862,68237
6863,68269
6864,68319
6865,68347
6866,68358
6867,68480
6868,68486
6869,68522
6870,68536
6871,68552
6872,68554
6873,68597
6874,68600
6875,68650
6876,68659
6877,68791
6878,68793
6879,68835
6880,68848
6881,68872
6882,68886
6883,68932
6884,68945
6885,68952
6886,68954
6887,68959
6888,69069
6889,69118
6890,69122
6891,69131
6892,69134
6893,69140
6894,69211
6895,69224
6896,69227
6897,69251
6898,69275
6899,69278
6900,69304
6901,69306
6902,69394
6903,69406
6904,69436
6905,69453
6906,69469
6907,69481
6908,69495
6909,69516
6910,69524
6911,69526
6912,69529
6913,69604
6914,69606
6915,69640
6916,69644
6917,69654
6918,69685
6919,69712
6920,69720
6921,69746
6922,69757
6923,69784
6924,69805
6925,69844
6926,69849
6927,69860
6928,69904
6929,69951
6930,70015
6931,70159
6932,70183
6933,70206
6934,70208
6935,70286
6936,70293
6937,70301
6938,70305
6939,70334
6940,70336
6941,70361
6942,70451
6943,70492
6944,70521
6945,70533
6946,70545
6947,70565
6948,70599
6949,70637
6950,70641
6951,70663
6952,70687
6953,70697
6954,70703
6955,70708
6956,70728
6957,70862
6958,70932
6959,70946
6960,70984
6961,70990
6962,70994
6963,71033
6964,71057
6965,71106
6966,71108
6967,71129
6968,71131
6969,71135
6970,71147
6971,71156
6972,71160
6973,71205
6974,71211
6975,71248
6976,71252
6977,71254
6978,71264
6979,71268
6980,71282
6981,71302
6982,71304
6983,71327
6984,71341
6985,71379
6986,71429
6987,71438
6988,71453
6989,71462
6990,71464
6991,71466
6992,71468
6993,71484
6994,71494
6995,71500
6996,71518
6997,71520
6998,71530
6999,71535
7000,71550
7001,71579
7002,71619
7003,71640
7004,71668
7005,71732
7006,71745
7007,71810
7008,71823
7009,71838
7010,71867
7011,71899
7012,71902
7013,71910
7014,71970
7015,71999
7016,72011
7017,72104
7018,72129
7019,72142
7020,72165
7021,72167
7022,72171
7023,72178
7024,72224
7025,72226
7026,72294
7027,72308
7028,72330
7029,72356
7030,72378
7031,72395
7032,72405
7033,72407
7034,72424
7035,72479
7036,72489
7037,72554
7038,72591
7039,72601
7040,72603
7041,72605
7042,72624
7043,72641
7044,72692
7045,72694
7046,72696
7047,72701
7048,72714
7049,72720
7050,72731
7051,72733
7052,72737
7053,72874
7054,72919
7055,72921
7056,72982
7057,72998
7058,73015
7059,73017
7060,73023
7061,73042
7062,73106
7063,73160
7064,73211
7065,73266
7066,73268
7067,73290
7068,73319
7069,73321
7070,73323
7071,73344
7072,73386
7073,73431
7074,73488
7075,73499
7076,73501
7077,73515
7078,73569
7079,73676
7080,73681
7081,73741
7082,73804
7083,73808
7084,73822
7085,73854
7086,73858
7087,73876
7088,73881
7089,73929
7090,74075
7091,74089
7092,74095
7093,74154
7094,74226
7095,74228
7096,74275
7097,74282
7098,74324
7099,74342
7100,74370
7101,74450
7102,74452
7103,74458
7104,74508
7105,74510
7106,74530
7107,74532
7108,74545
7109,74553
7110,74580
7111,74624
7112,74647
7113,74668
7114,74677
7115,74683
7116,74685
7117,74688
7118,74696
7119,74698
7120,74727
7121,74750
7122,74754
7123,74789
7124,74791
7125,74795
7126,74851
7127,74868
7128,74916
7129,74946
7130,74948
7131,75341
7132,75389
7133,75395
7134,75416
7135,75446
7136,75803
7137,75805
7138,75813
7139,75816
7140,75947
7141,75985
7142,76030
7143,76054
7144,76060
7145,76077
7146,76091
7147,76093
7148,76143
7149,76173
7150,76175
7151,76251
7152,76293
7153,76301
7154,76738
7155,76743
7156,76751
7157,76763
7158,77177
7159,77191
7160,77201
7161,77206
7162,77233
7163,77266
7164,77364
7165,77414
7166,77421
7167,77427
7168,77455
7169,77561
7170,77667
7171,77688
7172,77709
7173,77795
7174,77798
7175,77800
7176,77841
7177,77846
7178,77866
7179,77881
7180,77893
7181,77931
7182,78034
7183,78039
7184,78041
7185,78088
7186,78103
7187,78105
7188,78116
7189,78142
7190,78160
7191,78174
7192,78209
7193,78218
7194,78264
7195,78266
7196,78316
7197,78349
7198,78467
7199,78469
7200,78499
7201,78544
7202,78574
7203,78620
7204,78626
7205,78637
7206,78703
7207,78746
7208,78772
7209,78836
7210,78893
7211,78959
7212,79006
7213,79008
7214,79057
7215,79073
7216,79091
7217,79132
7218,79134
7219,79139
7220,79185
7221,79224
7222,79242
7223,79251
7224,79259
7225,79274
7226,79293
7227,79299
7228,79333
7229,79357
7230,79428
7231,79501
7232,79553
7233,79572
7234,79592
7235,79677
7236,79684
7237,79695
7238,79702
7239,79798
7240,79868
7241,79879
7242,79895
7243,79897
7244,79946
7245,80083
7246,80094
7247,80124
7248,80126
7249,80139
7250,80162
7251,80166
7252,80219
7253,80241
7254,80363
7255,80454
7256,80463
7257,80478
7258,80489
7259,80549
7260,80551
7261,80553
7262,80572
7263,80584
7264,80586
7265,80590
7266,80615
7267,80693
7268,80727
7269,80748
7270,80831
7271,80834
7272,80839
7273,80846
7274,80858
7275,80860
7276,80862
7277,80864
7278,80880
7279,80906
7280,80917
7281,80969
7282,81018
7283,81087
7284,81132
7285,81156
7286,81158
7287,81191
7288,81229
7289,81383
7290,81417
7291,81456
7292,81512
7293,81520
7294,81535
7295,81537
7296,81562
7297,81564
7298,81591
7299,81681
7300,81782
7301,81784
7302,81786
7303,81788
7304,81791
7305,81819
7306,81831
7307,81834
7308,81845
7309,81847
7310,81910
7311,81932
7312,81949
7313,82041
7314,82053
7315,82093
7316,82152
7317,82167
7318,82169
7319,82202
7320,82242
7321,82366
7322,82378
7323,82459
7324,82461
7325,82499
7326,82527
7327,82641
7328,82667
7329,82684
7330,82744
7331,82765
7332,82767
7333,82848
7334,82852
7335,82854
7336,82857
7337,83086
7338,83132
7339,83134
7340,83177
7341,83270
7342,83349
7343,83369
7344,83374
7345,83480
7346,83601
7347,83613
7348,83796
7349,83803
7350,83827
7351,83910
7352,83969
7353,83976
7354,84152
7355,84187
7356,84189
7357,84240
7358,84246
7359,84273
7360,84374
7361,84392
7362,84414
7363,84512
7364,84523
7365,84553
7366,84601
7367,84615
7368,84637
7369,84696
7370,84716
7371,84772
7372,84799
7373,84844
7374,84847
7375,84942
7376,84944
7377,84950
7378,84952
7379,84954
7380,85020
7381,85022
7382,85025
7383,85056
7384,85131
7385,85179
7386,85213
7387,85261
7388,85295
7389,85316
7390,85334
7391,85342
7392,85354
7393,85367
7394,85394
7395,85397
7396,85399
7397,85401
7398,85412
7399,85414
7400,85438
7401,85510
7402,85736
7403,85774
7404,85780
7405,85788
7406,85796
7407,85881
7408,85885
7409,86000
7410,86014
7411,86028
7412,86059
7413,86066
7414,86068
7415,86142
7416,86190
7417,86237
7418,86279
7419,86286
7420,86290
7421,86293
7422,86295
7423,86298
7424,86320
7425,86332
7426,86345
7427,86347
7428,86355
7429,86377
7430,86487
7431,86504
7432,86548
7433,86593
7434,86628
7435,86644
7436,86668
7437,86721
7438,86781
7439,86815
7440,86817
7441,86833
7442,86835
7443,86864
7444,86880
7445,86882
7446,86892
7447,86898
7448,86911
7449,86922
7450,86960
7451,87192
7452,87194
7453,87197
7454,87222
7455,87232
7456,87234
7457,87287
7458,87298
7459,87304
7460,87306
7461,87413
7462,87430
7463,87444
7464,87483
7465,87485
7466,87520
7467,87522
7468,87529
7469,87660
7470,87785
7471,87834
7472,87867
7473,87869
7474,87876
7475,87960
7476,88069
7477,88094
7478,88108
7479,88125
7480,88129
7481,88140
7482,88163
7483,88179
7484,88235
7485,88267
7486,88272
7487,88327
7488,88345
7489,88356
7490,88405
7491,88448
7492,88515
7493,88593
7494,88672
7495,88697
7496,88699
7497,88744
7498,88746
7499,88785
7500,88810
7501,88812
7502,88911
7503,88932
7504,88954
7505,89028
7506,89030
7507,89039
7508,89047
7509,89072
7510,89085
7511,89087
7512,89090
7513,89118
7514,89190
7515,89208
7516,89281
7517,89305
7518,89343
7519,89386
7520,89388
7521,89427
7522,89470
7523,89492
7524,89580
7525,89582
7526,89586
7527,89678
7528,89745
7529,89753
7530,89759
7531,89761
7532,89774
7533,89804
7534,89837
7535,89840
7536,89862
7537,89864
7538,89898
7539,89904
7540,89939
7541,89945
7542,90057
7543,90243
7544,90245
7545,90249
7546,90343
7547,90345
7548,90353
7549,90357
7550,90374
7551,90376
7552,90384
7553,90403
7554,90405
7555,90428
7556,90430
7557,90439
7558,90469
7559,90471
7560,90522
7561,90524
7562,90528
7563,90531
7564,90576
7565,90600
7566,90603
7567,90630
7568,90647
7569,90717
7570,90719
7571,90738
7572,90746
7573,90769
7574,90809
7575,90866
7576,90888
7577,90890
7578,90943
7579,90945
7580,91077
7581,91079
7582,91094
7583,91104
7584,91126
7585,91128
7586,91261
7587,91266
7588,91273
7589,91323
7590,91325
7591,91337
7592,91353
7593,91355
7594,91386
7595,91414
7596,91470
7597,91483
7598,91485
7599,91488
7600,91500
7601,91529
7602,91535
7603,91542
7604,91571
7605,91622
7606,91628
7607,91630
7608,91653
7609,91658
7610,91660
7611,91666
7612,91671
7613,91688
7614,91690
7615,91784
7616,91842
7617,91860
7618,91869
7619,91873
7620,91890
7621,91935
7622,91947
7623,91974
7624,91976
7625,91978
7626,91981
7627,92008
7628,92046
7629,92048
7630,92094
7631,92192
7632,92198
7633,92234
7634,92243
7635,92259
7636,92264
7637,92309
7638,92348
7639,92391
7640,92420
7641,92422
7642,92427
7643,92439
7644,92475
7645,92494
7646,92507
7647,92509
7648,92535
7649,92637
7650,92643
7651,92665
7652,92674
7653,92694
7654,92730
7655,92760
7656,92938
7657,92954
7658,93006
7659,93008
7660,93022
7661,93040
7662,93114
7663,93134
7664,93139
7665,93193
7666,93208
7667,93242
7668,93270
7669,93272
7670,93287
7671,93297
7672,93326
7673,93363
7674,93443
7675,93502
7676,93510
7677,93512
7678,93563
7679,93598
7680,93610
7681,93721
7682,93723
7683,93740
7684,93766
7685,93790
7686,93805
7687,93819
7688,93831
7689,93838
7690,93840
7691,93855
7692,93980
7693,93982
7694,93988
7695,94011
7696,94015
7697,94018
7698,94070
7699,94122
7700,94130
7701,94150
7702,94160
7703,94262
7704,94266
7705,94323
7706,94325
7707,94405
7708,94478
7709,94494
7710,94503
7711,94661
7712,94677
7713,94735
7714,94777
7715,94780
7716,94810
7717,94833
7718,94864
7719,94867
7720,94896
7721,94919
7722,94931
7723,94953
7724,94959
7725,94985
7726,95004
7727,95067
7728,95088
7729,95105
7730,95135
7731,95145
7732,95147
7733,95149
7734,95163
7735,95165
7736,95167
7737,95170
7738,95175
7739,95182
7740,95193
7741,95199
7742,95201
7743,95207
7744,95218
7745,95307
7746,95309
7747,95311
7748,95313
7749,95377
7750,95441
7751,95449
7752,95475
7753,95497
7754,95499
7755,95508
7756,95510
7757,95519
7758,95543
7759,95558
7760,95583
7761,95624
7762,95633
7763,95654
7764,95690
7765,95717
7766,95720
7767,95744
7768,95761
7769,95771
7770,95780
7771,95796
7772,95839
7773,95843
7774,95858
7775,95873
7776,95875
7777,95939
7778,95949
7779,95965
7780,96004
7781,96007
7782,96020
7783,96079
7784,96084
7785,96110
7786,96114
7787,96121
7788,96150
7789,96281
7790,96283
7791,96373
7792,96411
7793,96417
7794,96430
7795,96432
7796,96448
7797,96471
7798,96488
7799,96518
7800,96520
7801,96530
7802,96563
7803,96567
7804,96588
7805,96606
7806,96608
7807,96610
7808,96616
7809,96655
7810,96691
7811,96726
7812,96728
7813,96737
7814,96811
7815,96815
7816,96821
7817,96829
7818,96832
7819,96861
7820,96917
7821,96935
7822,96945
7823,96964
7824,96975
7825,97024
7826,97168
7827,97172
7828,97188
7829,97194
7830,97225
7831,97230
7832,97285
7833,97304
7834,97306
7835,97328
7836,97470
7837,97643
7838,97665
7839,97701
7840,97742
7841,97752
7842,97757
7843,97785
7844,97836
7845,97858
7846,97860
7847,97866
7848,97870
7849,97904
7850,97913
7851,97921
7852,97923
7853,97936
7854,97938
7855,97950
7856,97988
7857,98061
7858,98083
7859,98122
7860,98124
7861,98154
7862,98160
7863,98175
7864,98203
7865,98230
7866,98239
7867,98243
7868,98279
7869,98296
7870,98361
7871,98491
7872,98499
7873,98503
7874,98585
7875,98604
7876,98607
7877,98623
7878,98633
7879,98697
7880,98809
7881,98836
7882,98908
7883,98961
7884,99005
7885,99007
7886,99030
7887,99087
7888,99106
7889,99112
7890,99114
7891,99117
7892,99122
7893,99130
7894,99145
7895,99149
7896,99191
7897,99415
7898,99437
7899,99532
7900,99574
7901,99636
7902,99638
7903,99721
7904,99728
7905,99750
7906,99764
7907,99813
7908,99846
7909,99853
7910,99910
7911,99917
7912,99992
7913,100044
7914,100068
7915,100083
7916,100106
7917,100159
7918,100163
7919,100194
7920,100226
7921,100277
7922,100302
7923,100304
7924,100306
7925,100326
7926,100383
7927,100390
7928,100397
7929,100487
7930,100498
7931,100507
7932,100527
7933,100553
7934,100556
7935,100579
7936,100611
7937,100714
7938,100737
7939,100810
7940,100843
7941,100882
7942,101025
7943,101070
7944,101072
7945,101074
7946,101076
7947,101088
7948,101112
7949,101142
7950,101283
7951,101360
7952,101362
7953,101415
7954,101423
7955,101525
7956,101529
7957,101531
7958,101577
7959,101612
7960,101739
7961,101741
7962,101765
7963,101864
7964,101884
7965,101895
7966,101962
7967,101973
7968,102007
7969,102025
7970,102033
7971,102066
7972,102070
7973,102084
7974,102088
7975,102123
7976,102125
7977,102165
7978,102194
7979,102217
7980,102278
7981,102338
7982,102378
7983,102407
7984,102445
7985,102481
7986,102590
7987,102602
7988,102666
7989,102684
7990,102686
7991,102716
7992,102720
7993,102735
7994,102742
7995,102747
7996,102749
7997,102760
7998,102800
7999,102802
8000,102819
8001,102823
8002,102852
8003,102880
8004,102903
8005,102984
8006,102993
8007,103027
8008,103042
8009,103048
8010,103075
8011,103085
8012,103107
8013,103137
8014,103141
8015,103171
8016,103210
8017,103219
8018,103228
8019,103233
8020,103235
8021,103245
8022,103249
8023,103253
8024,103335
8025,103339
8026,103341
8027,103366
8028,103372
8029,103384
8030,103449
8031,103483
8032,103502
8033,103539
8034,103543
8035,103596
8036,103602
8037,103606
8038,103609
8039,103624
8040,103655
8041,103685
8042,103688
8043,103755
8044,103772
8045,103801
8046,103810
8047,103819
8048,103865
8049,103883
8050,103980
8051,103984
8052,104069
8053,104074
8054,104076
8055,104078
8056,104129
8057,104141
8058,104211
8059,104218
8060,104241
8061,104243
8062,104245
8063,104272
8064,104283
8065,104303
8066,104337
8067,104339
8068,104374
8069,104419
8070,104457
8071,104644
8072,104760
8073,104780
8074,104837
8075,104841
8076,104863
8077,104875
8078,104879
8079,104906
8080,104908
8081,104913
8082,104925
8083,104944
8084,105020
8085,105037
8086,105121
8087,105197
8088,105211
8089,105213
8090,105246
8091,105250
8092,105254
8093,105325
8094,105351
8095,105355
8096,105468
8097,105504
8098,105540
8099,105585
8100,105593
8101,105653
8102,105720
8103,105731
8104,105746
8105,105755
8106,105801
8107,105835
8108,105844
8109,105954
8110,106002
8111,106062
8112,106072
8113,106100
8114,106144
8115,106330
8116,106438
8117,106441
8118,106487
8119,106489
8120,106491
8121,106540
8122,106542
8123,106594
8124,106642
8125,106648
8126,106696
8127,106766
8128,106782
8129,106785
8130,106839
8131,106873
8132,106883
8133,106889
8134,106916
8135,106918
8136,106920
8137,107013
8138,107069
8139,107141
8140,107159
8141,107314
8142,107338
8143,107348
8144,107406
8145,107408
8146,107412
8147,107436
8148,107447
8149,107449
8150,107462
8151,107565
8152,107630
8153,107702
8154,107723
8155,107771
8156,107780
8157,107846
8158,107945
8159,107953
8160,107962
8161,107997
8162,107999
8163,108078
8164,108090
8165,108156
8166,108188
8167,108190
8168,108192
8169,108540
8170,108601
8171,108689
8172,108715
8173,108727
8174,108729
8175,108795
8176,108928
8177,108932
8178,108945
8179,108949
8180,108981
8181,109042
8182,109161
8183,109183
8184,109187
8185,109191
8186,109241
8187,109282
8188,109295
8189,109313
8190,109317
8191,109372
8192,109374
8193,109383
8194,109416
8195,109483
8196,109487
8197,109569
8198,109576
8199,109578
8200,109633
8201,109673
8202,109687
8203,109723
8204,109846
8205,109848
8206,109850
8207,109853
8208,109864
8209,109895
8210,109897
8211,109941
8212,109968
8213,109971
8214,110102
8215,110127
8216,110130
8217,110281
8218,110286
8219,110297
8220,110330
8221,110350
8222,110387
8223,110501
8224,110541
8225,110553
8226,110586
8227,110591
8228,110603
8229,110611
8230,110655
8231,110669
8232,110718
8233,110730
8234,110746
8235,110771
8236,110773
8237,110781
8238,110826
8239,110882
8240,111113
8241,111146
8242,111320
8243,111360
8244,111362
8245,111364
8246,111375
8247,111384
8248,111443
8249,111551
8250,111617
8251,111622
8252,111659
8253,111663
8254,111680
8255,111732
8256,111743
8257,111759
8258,111781
8259,111785
8260,111795
8261,111800
8262,111817
8263,111913
8264,111921
8265,112006
8266,112070
8267,112138
8268,112171
8269,112175
8270,112183
8271,112290
8272,112303
8273,112316
8274,112326
8275,112334
8276,112370
8277,112421
8278,112450
8279,112454
8280,112460
8281,112497
8282,112512
8283,112515
8284,112552
8285,112556
8286,112580
8287,112623
8288,112727
8289,112749
8290,112788
8291,112804
8292,112818
8293,112852
8294,112868
8295,112897
8296,112911
8297,112940
8298,113159
8299,113186
8300,113207
8301,113225
8302,113252
8303,113275
8304,113278
8305,113280
8306,113313
8307,113345
8308,113348
8309,113350
8310,113374
8311,113378
8312,113394
8313,113416
8314,113453
8315,113532
8316,113565
8317,113573
8318,113604
8319,113705
8320,113741
8321,113780
8322,113829
8323,113862
8324,114028
8325,114044
8326,114060
8327,114066
8328,114074
8329,114126
8330,114180
8331,114184
8332,114246
8333,114265
8334,114335
8335,114396
8336,114494
8337,114554
8338,114601
8339,114627
8340,114662
8341,114670
8342,114678
8343,114707
8344,114713
8345,114762
8346,114795
8347,114818
8348,114847
8349,114925
8350,114935
8351,115065
8352,115111
8353,115122
8354,115149
8355,115151
8356,115170
8357,115203
8358,115210
8359,115216
8360,115231
8361,115502
8362,115569
8363,115617
8364,115664
8365,115667
8366,115680
8367,115713
8368,115727
8369,115819
8370,115828
8371,115877
8372,115969
8373,116044
8374,116138
8375,116169
8376,116207
8377,116411
8378,116413
8379,116419
8380,116505
8381,116529
8382,116668
8383,116718
8384,116724
8385,116738
8386,116797
8387,116799
8388,116817
8389,116823
8390,116849
8391,116887
8392,116897
8393,116941
8394,116963
8395,116977
8396,116985
8397,117107
8398,117109
8399,117133
8400,117176
8401,117192
8402,117364
8403,117368
8404,117444
8405,117466
8406,117511
8407,117529
8408,117531
8409,117533
8410,117545
8411,117572
8412,117590
8413,117630
8414,117646
8415,117849
8416,117851
8417,117867
8418,117877
8419,117881
8420,117887
8421,117895
8422,117922
8423,118166
8424,118198
8425,118248
8426,118270
8427,118290
8428,118354
8429,118512
8430,118530
8431,118572
8432,118696
8433,118700
8434,118702
8435,118706
8436,118784
8437,118814
8438,118834
8439,118862
8440,118880
8441,118888
8442,118894
8443,118896
8444,118900
8445,118924
8446,118985
8447,118997
8448,119068
8449,119141
8450,119145
8451,119153
8452,119155
8453,119167
8454,119218
8455,119655
8456,119714
8457,119828
8458,119964
8459,120130
8460,120138
8461,120466
8462,120478
8463,120625
8464,120635
8465,120637
8466,120761
8467,120783
8468,120799
8469,120807
8470,120813
8471,120827
8472,120919
8473,121007
8474,121035
8475,121097
8476,121099
8477,121129
8478,121169
8479,121171
8480,121231
8481,121253
8482,121338
8483,121342
8484,121372
8485,121374
8486,121469
8487,121715
8488,121781
8489,122092
8490,122246
8491,122260
8492,122433
8493,122490
8494,122627
8495,122882
8496,122884
8497,122886
8498,122888
8499,122890
8500,122892
8501,122896
8502,122898
8503,122900
8504,122902
8505,122904
8506,122906
8507,122912
8508,122916
8509,122918
8510,122920
8511,122922
8512,122924
8513,122926
8514,122932
8515,123200
8516,123310
8517,123545
8518,123553
8519,123947
8520,124273
8521,124404
8522,124484
8523,124851
8524,124853
8525,124859
8526,125221
8527,125914
8528,125916
8529,125974
8530,126088
8531,126090
8532,126142
8533,126420
8534,126426
8535,126430
8536,126482
8537,126548
8538,126577
8539,126921
8540,127052
8541,127096
8542,127098
8543,127108
8544,127114
8545,127116
8546,127130
8547,127132
8548,127134
8549,127136
8550,127146
8551,127152
8552,127164
8553,127172
8554,127180
8555,127184
8556,127194
8557,127198
8558,127202
8559,127204
8560,127212
8561,127298
8562,127319
8563,127323
8564,127390
8565,128087
8566,128089
8567,128097
8568,128099
8569,128197
8570,128360
8571,128366
8572,128488
8573,128512
8574,128520
8575,128542
8576,128592
8577,128594
8578,128620
8579,128695
8580,128736
8581,128832
8582,128838
8583,128842
8584,128852
8585,128900
8586,128902
8587,128908
8588,128914
8589,128944
8590,128968
8591,128975
8592,128991
8593,129011
8594,129229
8595,129250
8596,129313
8597,129333
8598,129354
8599,129397
8600,129428
8601,129514
8602,129657
8603,129659
8604,129737
8605,129779
8606,129937
8607,130050
8608,130052
8609,130073
8610,130083
8611,130087
8612,130444
8613,130450
8614,130452
8615,130490
8616,130498
8617,130518
8618,130520
8619,130576
8620,130578
8621,130634
8622,130840
8623,130842
8624,130970
8625,130976
8626,130978
8627,131013
8628,131023
8629,131098
8630,131104
8631,131130
8632,131237
8633,131439
8634,131480
8635,131578
8636,131610
8637,131656
8638,131714
8639,131724
8640,131739
8641,131749
8642,131796
8643,131826
8644,131920
8645,131934
8646,132046
8647,132084
8648,132157
8649,132335
8650,132362
8651,132422
8652,132424
8653,132454
8654,132462
8655,132488
8656,132496
8657,132584
8658,132618
8659,132660
8660,132796
8661,132800
8662,132888
8663,133195
8664,133217
8665,133281
8666,133365
8667,133377
8668,133419
8669,133545
8670,133645
8671,133712
8672,133716
8673,133771
8674,133780
8675,133782
8676,133798
8677,133802
8678,133832
8679,133867
8680,133879
8681,134004
8682,134019
8683,134021
8684,134041
8685,134095
8686,134109
8687,134130
8688,134158
8689,134170
8690,134184
8691,134214
8692,134246
8693,134248
8694,134252
8695,134326
8696,134334
8697,134368
8698,134393
8699,134515
8700,134524
8701,134528
8702,134775
8703,134783
8704,134796
8705,134808
8706,134847
8707,134849
8708,134853
8709,134859
8710,134861
8711,134881
8712,135133
8713,135137
8714,135143
8715,135198
8716,135216
8717,135288
8718,135436
8719,135456
8720,135518
8721,135532
8722,135534
8723,135536
8724,135567
8725,135569
8726,135777
8727,135787
8728,135803
8729,135815
8730,135861
8731,135885
8732,135887
8733,135937
8734,136012
8735,136016
8736,136018
8737,136020
8738,136024
8739,136297
8740,136305
8741,136341
8742,136353
8743,136355
8744,136359
8745,136443
8746,136445
8747,136447
8748,136449
8749,136469
8750,136471
8751,136503
8752,136511
8753,136540
8754,136556
8755,136562
8756,136564
8757,136598
8758,136602
8759,136654
8760,136664
8761,136666
8762,136778
8763,136786
8764,136800
8765,136816
8766,136834
8767,136838
8768,136840
8769,136859
8770,136864
8771,136912
8772,136958
8773,137218
8774,137337
8775,137345
8776,137517
8777,137595
8778,137857
8779,137859
8780,137863
8781,138036
8782,138186
8783,138204
8784,138208
8785,138210
8786,138396
8787,138546
8788,138610
8789,138632
8790,138702
8791,138798
8792,138835
8793,138966
8794,139052
8795,139130
8796,139157
8797,139385
8798,139415
8799,139511
8800,139640
8801,139642
8802,139644
8803,139655
8804,139717
8805,139747
8806,139855
8807,139857
8808,139859
8809,139915
8810,139994
8811,140016
8812,140038
8813,140110
8814,140133
8815,140162
8816,140174
8817,140237
8818,140247
8819,140265
8820,140267
8821,140289
8822,140301
8823,140359
8824,140481
8825,140523
8826,140525
8827,140561
8828,140627
8829,140711
8830,140715
8831,140725
8832,140737
8833,140816
8834,140850
8835,140852
8836,140928
8837,140956
8838,141004
8839,141131
8840,141400
8841,141408
8842,141422
8843,141513
8844,141544
8845,141646
8846,141668
8847,141688
8848,141718
8849,141749
8850,141799
8851,141810
8852,141816
8853,141818
8854,141820
8855,141830
8856,141836
8857,141844
8858,141846
8859,141866
8860,141890
8861,141928
8862,141994
8863,142020
8864,142074
8865,142115
8866,142196
8867,142222
8868,142366
8869,142372
8870,142420
8871,142422
8872,142424
8873,142444
8874,142448
8875,142456
8876,142488
8877,142507
8878,142509
8879,142536
8880,142550
8881,142558
8882,142598
8883,142602
8884,142831
8885,142961
8886,142997
8887,143001
8888,143031
8889,143245
8890,143255
8891,143257
8892,143355
8893,143365
8894,143367
8895,143385
8896,143410
8897,143458
8898,143472
8899,143511
8900,143525
8901,143559
8902,143859
8903,143896
8904,143969
8905,144210
8906,144222
8907,144262
8908,144352
8909,144478
8910,144522
8911,144606
8912,144620
8913,144714
8914,144716
8915,144734
8916,144976
8917,145080
8918,145150
8919,145283
8920,145418
8921,145491
8922,145745
8923,145839
8924,145935
8925,145951
8926,145994
8927,146024
8928,146028
8929,146210
8930,146244
8931,146309
8932,146656
8933,146662
8934,146682
8935,146684
8936,146688
8937,146730
8938,146986
8939,147002
8940,147142
8941,147196
8942,147250
8943,147282
8944,147300
8945,147326
8946,147328
8947,147330
8948,147372
8949,147374
8950,147376
8951,147378
8952,147380
8953,147382
8954,147384
8955,147410
8956,147657
8957,147662
8958,147936
8959,148166
8960,148172
8961,148238
8962,148424
8963,148482
8964,148592
8965,148626
8966,148632
8967,148652
8968,148667
8969,148671
8970,148675
8971,148709
8972,148775
8973,148881
8974,148888
8975,148956
8976,148978
8977,148982
8978,149011
8979,149144
8980,149146
8981,149330
8982,149334
8983,149350
8984,149352
8985,149354
8986,149380
8987,149406
8988,149508
8989,149566
8990,149590
8991,149612
8992,149830
8993,149902
8994,150254
8995,150401
8996,150548
8997,150554
8998,150596
8999,150604
9000,150696
9001,150993
9002,151311
9003,151315
9004,151317
9005,151455
9006,151479
9007,151501
9008,151557
9009,151559
9010,151653
9011,151687
9012,151695
9013,151739
9014,151745
9015,151759
9016,151763
9017,151769
9018,151777
9019,151781
9020,152037
9021,152063
9022,152065
9023,152071
9024,152077
9025,152079
9026,152081
9027,152083
9028,152085
9029,152091
9030,152105
9031,152173
9032,152270
9033,152284
9034,152372
9035,152591
9036,152658
9037,152711
9038,152970
9039,153070
9040,153236
9041,153386
9042,153408
9043,154358
9044,154975
9045,155064
9046,155168
9047,155288
9048,155358
9049,155509
9050,155589
9051,155659
9052,155743
9053,155774
9054,155812
9055,155820
9056,155892
9057,156025
9058,156371
9059,156387
9060,156553
9061,156605
9062,156607
9063,156609
9064,156675
9065,156706
9066,156726
9067,156781
9068,156783
9069,157108
9070,157110
9071,157130
9072,157172
9073,157200
9074,157270
9075,157296
9076,157312
9077,157340
9078,157369
9079,157407
9080,157432
9081,157699
9082,157775
9083,157865
9084,158022
9085,158027
9086,158035
9087,158238
9088,158254
9089,158388
9090,158398
9091,158402
9092,158528
9093,158721
9094,158783
9095,158813
9096,158830
9097,158842
9098,158872
9099,158874
9100,158956
9101,158966
9102,158972
9103,159061
9104,159069
9105,159077
9106,159093
9107,159161
9108,159193
9109,159403
9110,159415
9111,159441
9112,159510
9113,159690
9114,159717
9115,159755
9116,159779
9117,159811
9118,159817
9119,159849
9120,159858
9121,159976
9122,160080
9123,160271
9124,160289
9125,160341
9126,160400
9127,160422
9128,160438
9129,160440
9130,160527
9131,160563
9132,160565
9133,160567
9134,160569
9135,160571
9136,160573
9137,160644
9138,160646
9139,160684
9140,160718
9141,160730
9142,160836
9143,160872
9144,160954
9145,160978
9146,160980
9147,161008
9148,161024
9149,161032
9150,161044
9151,161127
9152,161131
9153,161290
9154,161354
9155,161580
9156,161582
9157,161594
9158,161634
9159,161830
9160,161918
9161,161922
9162,161966
9163,162082
9164,162344
9165,162350
9166,162414
9167,162478
9168,162578
9169,162590
9170,162598
9171,162600
9172,162606
9173,162828
9174,162968
9175,162982
9176,163056
9177,163072
9178,163112
9179,163134
9180,163386
9181,163527
9182,163639
9183,163645
9184,163653
9185,163937
9186,163981
9187,163985
9188,164179
9189,164200
9190,164226
9191,164280
9192,164375
9193,164540
9194,164647
9195,164655
9196,164707
9197,164753
9198,164881
9199,164909
9200,164917
9201,165075
9202,165101
9203,165103
9204,165139
9205,165343
9206,165347
9207,165483
9208,165489
9209,165529
9210,165549
9211,165551
9212,165635
9213,165639
9214,165645
9215,165671
9216,165843
9217,165947
9218,165959
9219,165969
9220,166015
9221,166024
9222,166183
9223,166203
9224,166291
9225,166461
9226,166492
9227,166526
9228,166528
9229,166534
9230,166558
9231,166568
9232,166635
9233,166643
9234,166705
9235,166946
9236,167018
9237,167036
9238,167064
9239,167370
9240,167380
9241,167538
9242,167570
9243,167634
9244,167706
9245,167732
9246,167746
9247,167772
9248,167790
9249,167854
9250,168026
9251,168090
9252,168144
9253,168174
9254,168218
9255,168248
9256,168250
9257,168252
9258,168254
9259,168266
9260,168326
9261,168350
9262,168358
9263,168366
9264,168418
9265,168456
9266,168492
9267,168608
9268,168612
9269,168632
9270,168846
9271,169180
9272,169670
9273,169904
9274,169912
9275,169958
9276,169982
9277,169984
9278,169992
9279,170289
9280,170297
9281,170355
9282,170357
9283,170399
9284,170401
9285,170411
9286,170551
9287,170597
9288,170697
9289,170705
9290,170777
9291,170813
9292,170817
9293,170827
9294,170837
9295,170875
9296,170897
9297,170907
9298,170937
9299,170939
9300,170945
9301,170957
9302,170993
9303,171011
9304,171023
9305,171251
9306,171495
9307,171631
9308,171695
9309,171701
9310,171749
9311,171751
9312,171759
9313,171763
9314,171765
9315,171811
9316,171867
9317,171891
9318,171917
9319,172013
9320,172215
9321,172229
9322,172233
9323,172253
9324,172321
9325,172461
9326,172497
9327,172547
9328,172577
9329,172587
9330,172589
9331,172591
9332,172705
9333,172793
9334,172875
9335,172881
9336,173145
9337,173197
9338,173235
9339,173253
9340,173255
9341,173291
9342,173307
9343,173317
9344,173351
9345,173355
9346,173535
9347,173619
9348,173751
9349,173873
9350,173925
9351,173941
9352,173963
9353,174045
9354,174053
9355,174055
9356,174141
9357,174403
9358,174479
9359,174551
9360,174681
9361,174727
9362,174737
9363,174815
9364,174909
9365,175197
9366,175199
9367,175293
9368,175303
9369,175387
9370,175397
9371,175401
9372,175431
9373,175435
9374,175475
9375,175485
9376,175569
9377,175585
9378,175661
9379,175705
9380,175707
9381,175743
9382,175781
9383,176051
9384,176101
9385,176329
9386,176371
9387,176389
9388,176413
9389,176415
9390,176419
9391,176423
9392,176579
9393,176601
9394,176621
9395,176751
9396,176805
9397,176935
9398,177185
9399,177285
9400,177593
9401,177615
9402,177763
9403,177765
9404,177939
9405,178061
9406,178111
9407,178129
9408,178323
9409,178613
9410,178615
9411,178827
9412,179053
9413,179073
9414,179119
9415,179133
9416,179135
9417,179211
9418,179401
9419,179427
9420,179491
9421,179511
9422,179709
9423,179749
9424,179813
9425,179815
9426,179817
9427,179819
9428,179953
9429,180031
9430,180045
9431,180095
9432,180231
9433,180263
9434,180265
9435,180297
9436,180497
9437,180777
9438,180985
9439,180987
9440,181065
9441,181139
9442,181315
9443,181413
9444,181659
9445,181719
9446,182293
9447,182297
9448,182299
9449,182639
9450,182715
9451,182727
9452,182731
9453,182749
9454,182793
9455,182823
9456,183011
9457,183197
9458,183199
9459,183227
9460,183295
9461,183301
9462,183317
9463,183611
9464,183635
9465,183897
9466,183911
9467,183959
9468,184015
9469,184053
9470,184245
9471,184253
9472,184257
9473,184349
9474,184471
9475,184641
9476,184791
9477,184931
9478,184987
9479,184997
9480,185029
9481,185031
9482,185033
9483,185135
9484,185435
9485,185473
9486,185585
9487,186587
9488,187031
9489,187541
9490,187593
9491,187595
9492,188189
9493,188301
9494,188675
9495,188751
9496,188797
9497,188833
9498,189333
9499,189381
9500,189547
9501,189713
9502,190183
9503,191005
9504,193565
9505,193567
9506,193571
9507,193573
9508,193579
9509,193581
9510,193583
9511,193587
